,id,target,smiles,target_norm
0,CHEMBL2147569,52.48,C[C@]12Cc3cnn(c3C=C1CC[C@@]2(O)CCc4ccc(F)cc4C(=O)N)c5ccc(F)cc5,-0.0005898167232683683
1,CHEMBL2348651,150.0,CNc1nc(C)c(s1)c2nc(Nc3cccc(c3)N4CCCN(CC4)C(=O)C)ncc2C#N,1.815454761778062
2,CHEMBL2023489,23.44,COc1ccc2c(Oc3ccc(CC(=O)Nc4cn(C)nc4C)c(OC)c3)ccnc2c1,-0.5413807781637793
3,CHEMBL1486510,150.0,CCOC(=O)c1c(C)n(Cc2occc2)c3ccc(O)cc13,1.815454761778062
4,CHEMBL2070942,150.0,CC(C)(C)c1csc(n1)N2CCN(CC2)C(=O)[C@@H]3CCCC[C@H]3C(=O)NC4(CC4)C#N,1.815454761778062
5,CHEMBL1689125,20.0,C[C@@H]1CN(Cc2cc(Cl)ccc2OCC(=O)O)C[C@H](C)N1C(=O)Cc3ccccc3,-0.6054414154694046
6,CHEMBL2059910,3.0,CNC(=O)Nc1nc2ccc(cn2n1)c3cncc(c3)S(=O)(=O)NC(C)(C)C,-0.9220201463402271
7,CHEMBL1938400,70.79,CC(C)(C)c1cc(NC(=O)NCc2ccccc2Sc3ccc4nnc(c5ccccc5SCCO)n4c3)n(n1)c6ccc(O)c(Cl)c6,0.3403840987028942
8,CHEMBL415506,125.89,CCOC(=O)c1c(nc2ccc(C)cn12)c3ccccc3,1.3664716322900896
9,CHEMBL2177601,3.0,Cc1c(cnn1c2ccc(cc2)C(=O)O)C(=O)NC3C4CC5CC(CC3C5)C4,-0.9220201463402271
10,CHEMBL2314383,30.9,CC(C)c1ccc(Sc2cnc(O)c(c2)C(=O)NCc3ccccc3)cc1,-0.4024585821463478
11,CHEMBL413,150.0,CO[C@@H]1C[C@H](C[C@@H](C)[C@@H]2CC(=O)[C@H](C)\C=C(/C)\[C@@H](O)[C@@H](OC)C(=O)[C@H](C)C[C@H](C)\C=C\C=C\C=C(/C)\[C@H](C[C@@H]3CC[C@@H](C)[C@@](O)(O3)C(=O)C(=O)N4CCCC[C@H]4C(=O)O2)OC)CC[C@H]1O,1.815454761778062
12,CHEMBL143305,150.0,Cc1cc(CCCOc2c(Cl)cc(cc2Cl)C3=NCCO3)on1,1.815454761778062
13,CHEMBL2216839,54.95,C[C@@H]1CN(Cc2oc(nn2)c3cc(cc4[nH]ncc34)c5cccc6[nH]ccc56)C[C@H](C)O1,0.04540721064443361
14,CHEMBL2097971,150.0,COc1ccc2nc(C)cc(OCC(=O)Nc3ccccc3OC)c2c1,1.815454761778062
15,CHEMBL1916273,51.0,CC(C)NC(=O)c1c(C)nn(c1NS(=O)(=O)c2ccc(C)cc2)c3ccccc3,-0.028150788587316393
16,CHEMBL2171277,150.0,Cc1ccc(NC(=O)[C@H]2CCCN2S(=O)(=O)c3cccc4cccnc34)c(C)c1,1.815454761778062
17,CHEMBL435859,3.0,OB1N(C(=Nc2ccccc12)S)c3cccnc3,-0.9220201463402271
18,CHEMBL377957,83.18,COc1ccc(C)c(Nc2ncc3ccn(c4ccccn4)c3n2)c1,0.5711141266728643
19,CHEMBL1947157,78.0,O[C@@H](CNCCc1cccc(CNCCc2c(Cl)cccc2Cl)c1)c3ccc(O)c4NC(=O)Sc34,0.4746507251486959
20,CHEMBL1945035,107.0,O[C@@H](CNCCc1ccccc1CNCCc2ccccc2F)c3ccc(O)c4NC(=O)Sc34,1.0146967954577462
21,CHEMBL1689135,3.0,C[C@H]1CN(Cc2cc(Cl)ccc2CC(=O)O)CCN1C(=O)Cc3ccc(Cl)cc3,-0.9220201463402271
22,CHEMBL2107486,150.0,C[C@@H](O)[C@@H]1[C@H]2[C@@H](C)C(=C(N2C1=O)C(=O)OCOC(=O)C(C)(C)C)SC3CN(C3)C4=NCCS4,1.815454761778062
23,CHEMBL1090089,3.0,CN1C(=O)C(=Cc2cnc(NC(CCO)CCO)nc12)Oc3ccc(F)cc3F,-0.9220201463402271
24,CHEMBL1917433,5.0,Cc1c(Sc2ccc(Cl)cc2)c3c(NS(=O)(=O)C)cccc3n1CC(=O)O,-0.8847755897671892
25,CHEMBL1945883,139.0,Oc1cccc2ccc(nc12)C(=O)Nc3ccccc3,1.6106097006263533
26,CHEMBL101,8.71,CCCCC1C(=O)N(N(C1=O)c2ccccc2)c3ccccc3,-0.8156869373242038
27,CHEMBL1951032,6.31,COc1c(Nc2ccc(nc2C)S(=O)(=O)C)ncnc1OC3CCN(CC3)C(=O)OC(C)C,-0.8603804052118493
28,CHEMBL2181927,26.92,CCOc1ncc(C)c2NC(=C([C@@H](c3ccc(cc3OC)C#N)c12)C(=O)N)C,-0.47657524972669324
29,CHEMBL389792,7.0,CC(CO)(CO)Nc1nc(SCc2cccc(F)c2F)nc3nc(N)sc13,-0.8475310331941512
30,CHEMBL2059909,20.0,CC(C)(C)NS(=O)(=O)c1cncc(c1)c2ccc3nc(N)nn3c2,-0.6054414154694046
31,CHEMBL472658,150.0,Oc1ccc(C(=O)N2CCCC2)c(O)c1,1.815454761778062
32,CHEMBL1643194,15.0,Cc1cc(CN2Cc3ccccc3C2C(=O)Nc4ccc(Cl)cc4Cl)ccc1OCC(=O)O,-0.6985528069019995
33,CHEMBL1575409,150.0,COc1ccc(CNC(=O)CSc2nc3cccnc3s2)cc1,1.815454761778062
34,CHEMBL3144574,4.37,O=C1N(Cc2c[nH]c3ccccc23)Nc4ccccc14,-0.8965076250876962
35,CHEMBL2179282,69.18,CCC(C)(CC)C[C@@H](N1CCC[C@@H](C1)N2C=C(C)C(=O)NC2=O)c3ccc(C(=O)O)c(Oc4cccc(Br)c4)c3,0.31040223066159867
36,CHEMBL1904754,129.0,Cc1nc2ncnn2c(O)c1CCOC(=O)c3ccccc3F,1.4243869177611637
37,CHEMBL223713,150.0,CCc1cccc2c3cc4OCOc4cc3CN(C)c12,1.815454761778062
38,CHEMBL1917426,34.0,Cc1c(Sc2ccc(Cl)cc2)c3cc(F)ccc3n1CC(=O)O,-0.34472951945813896
39,CHEMBL71,150.0,CN(C)CCCN1c2ccccc2Sc3ccc(Cl)cc13,1.815454761778062
40,CHEMBL2331749,89.13,CC1=CN([C@H]2CCCN(C2)S(=O)(=O)c3ccc(O)c(Oc4ccc(Cl)cc4)c3)C(=O)NC1=O,0.681916682477652
41,CHEMBL1689116,3.0,OC(=O)COc1ccc(Cl)cc1CN2CCC(CC2)S(=O)(=O)c3ccccc3,-0.9220201463402271
42,CHEMBL1078178,5.13,O=C(NCC#N)c1ccc(cc1)c2ccnc(Nc3ccc(cc3)N4CCOCC4)n2,-0.8823546935899417
43,CHEMBL1778639,4.0,CCS(=O)(=O)c1ccc(c(C)c1)c2cc(ccc2OCC(=O)O)C(F)(F)F,-0.9033978680537081
44,CHEMBL1240967,37.0,CC(C)(Cc1cccc(CC(=O)NCc2cccc(c2)c3ccc(O)cc3)c1)NC[C@H](O)c4ccc(O)c(NS(=O)(=O)C)c4,-0.288862684598582
45,CHEMBL1916277,17.0,CC1CCCCC1NC(=O)c2c(C)nn(c2NS(=O)(=O)c3ccc(C)cc3)c4ccccc4,-0.6613082503289615
46,CHEMBL38182,69.0,Brc1ccccc1NC(=O)Nc2ccc(C#N)c3[nH]nnc23,0.3070502205700251
47,CHEMBL217354,3.0,CC(C)c1ccccc1Cc2cc(C(=O)Nc3ccc(cc3)S(=O)(=O)c4ccccc4C(C)(C)C)c(O)c(O)c2O,-0.9220201463402271
48,CHEMBL2158793,10.63,Cc1cc(F)ccc1OC2CCN(CC3CCN(CC3)[C@@](C)(Cc4ccc(F)cc4)C(=O)O)CC2,-0.7799321630140873
49,CHEMBL1470412,95.5,Cc1onc(NC(=O)Nc2cccc3ccccc23)c1,0.800540595162778
50,CHEMBL650,150.0,C[C@H]1C[C@H]2[C@@H]3CC[C@](O)(C(=O)CO)[C@@]3(C)C[C@H](O)[C@@H]2[C@@]4(C)C=CC(=O)C=C14,1.815454761778062
51,CHEMBL1689136,3.0,C[C@H]1CN(Cc2cc(Cl)ccc2CCC(=O)O)CCN1C(=O)Cc3ccccc3,-0.9220201463402271
52,CHEMBL1934416,3.0,COCC(C)n1nc(C)c(C(=O)N[C@@H](C)C(C)(C)C)c1NS(=O)(=O)c2ccc(C)cc2,-0.9220201463402271
53,CHEMBL250961,150.0,Cc1ccc(F)cc1S(=O)(=O)N[C@@H]2CCN(Cc3ccc(cc3)c4ccccc4)C2,1.815454761778062
54,CHEMBL1683035,16.0,COc1cc2nnc(C(=O)N)c(Nc3ccc(F)cc3F)c2cc1N4CCN(C)CC4,-0.6799305286154804
55,CHEMBL1672,3.0,COCC1=C(N2[C@H](SC1)[C@H](NC(=O)\C(=N/OC)\c3csc(N)n3)C2=O)C(=O)O,-0.9220201463402271
56,CHEMBL1241590,69.18,CS(=O)(=O)c1ccc(cc1)[C@@H](O)[C@@H](CF)NC(=O)C(Cl)Cl,0.31040223066159867
57,CHEMBL2035040,5.13,NC(=O)c1cnc(c2ccc(cc2)C3(N)CCC3)c(c1)c4ccccc4,-0.8823546935899417
58,CHEMBL489,56.23,CC\C(=C(/c1ccc(O)cc1)\c2ccc(OCCN(C)C)cc2)\c3ccccc3,0.06924372685117779
59,CHEMBL507674,3.0,CCN1CCN(C(=O)N[C@@H](C(=O)N[C@H]2[C@H]3SCC(=C(N3C2=O)C(=O)O)CSc4nnnn4C)c5ccc(O)cc5)C(=O)C1=O,-0.9220201463402271
60,CHEMBL361546,14.79,ON1C(=O)N(CC2COc3ccccc3O2)c4ccsc4C1=O,-0.7024634853421684
61,CHEMBL1605684,150.0,CC(=O)C1=CN(Cc2ccccc2)C(=O)N(Cc3ccc(F)cc3)C1=O,1.815454761778062
62,CHEMBL108922,26.0,CCO\N=C\c1ccc(OCCC2CCN(CC2)c3ccc(C)nn3)cc1,-0.49370774575029075
63,CHEMBL1477,10.0,COCc1c(nc(C(C)C)c(\C=C\[C@@H](O)C[C@@H](O)CC(=O)O)c1c2ccc(F)cc2)C(C)C,-0.7916641983345943
64,CHEMBL1773254,150.0,OC(=O)CCc1ccc(OCc2cccc(Br)c2)cc1,1.815454761778062
65,CHEMBL20210,150.0,CCOC(=O)\C=C\[C@H](C[C@@H]1CCNC1=O)NC(=O)[C@@H](CC(=O)[C@@H](NC(=O)c2cc(C)on2)C(C)C)Cc3ccc(F)cc3,1.815454761778062
66,CHEMBL277474,3.0,CN1N(C(=O)C=C1C)c2ccccc2,-0.9220201463402271
67,CHEMBL900,150.0,CN(C)CCOC(c1ccccc1)c2ccccc2C,1.815454761778062
68,CHEMBL379350,150.0,CCN(CC)c1ccc2C=C(C(=O)C)C(=O)Oc2c1,1.815454761778062
69,CHEMBL2171999,3.0,C[C@@H]1CN(CCN1C(=O)[C@@H]2CCCC[C@H]2C(=O)NC3(CC3)C#N)c4ccc5c(c4)c(C)nn5C,-0.9220201463402271
70,CHEMBL2165066,16.6,F[C@H]1CN(CCN2C(=O)C=Cc3ccc(cc23)C#N)CC[C@H]1NCc4ccc5OCC(=O)Nc5n4,-0.668757161643569
71,CHEMBL2348645,150.0,CNc1nc(C)c(s1)c2nc(Nc3cccc(c3)N4CCCCC4)ncc2C#N,1.815454761778062
72,CHEMBL2179284,42.66,CC1=CN([C@H]2CCCN(C2)[C@H](CC3CCCCC3)c4ccc(C(=O)O)c(Oc5cccc(Cl)c5)c4)C(=O)NC1=O,-0.1834605894968847
73,CHEMBL2018964,13.0,COc1cccc2c1c(NS(=O)(=O)c3ccc(Cl)s3)nn2Cc4cccc(CNC(=O)C)c4,-0.7357973634750374
74,CHEMBL258282,13.49,CN1CCN(CCOc2n[nH]c3ncnc(Nc4ccc(OCc5ccccn5)c(Cl)c4)c23)CC1,-0.7266724471146431
75,CHEMBL1916546,35.48,COc1cc2N(CCN3CCC(CC3)NCc4cc5OCCOc5cn4)C(=O)C=Cc2cn1,-0.3171685475940909
76,CHEMBL2178579,41.35,Oc1c(NC(=O)Nc2cccc(F)c2Cl)ccc(Cl)c1S(=O)(=O)N3CCNCC3,-0.20785577405222447
77,CHEMBL443684,9.77,CC1(C)CCC(=C(CN2CCN(CC2)c3ccc(cc3)C(=O)NS(=O)(=O)c4ccc(N[C@H](CCN5CCOCC5)CSc6ccccc6)c(c4)S(=O)(=O)C(F)(F)F)C1)c7ccc(Cl)cc7,-0.7959473223404937
78,CHEMBL2181928,52.48,C[C@@H]1CN([C@@H](CO1)c2ccccc2)c3ccc4OCC(=O)Nc4n3,-0.0005898167232683683
79,CHEMBL426823,4.0,CCOc1oc2cc(OCCC3CCN(CC3)c4ccc(C)nn4)ccc2n1,-0.9033978680537081
80,CHEMBL1536083,150.0,CCOC(=O)CN(c1ccccc1C)S(=O)(=O)c2ccc(Cl)cc2,1.815454761778062
81,CHEMBL1689119,3.0,C[C@H]1CN(Cc2cc(Cl)ccc2OCC(=O)O)CCN1S(=O)(=O)c3ccccc3,-0.9220201463402271
82,CHEMBL1944691,22.0,O[C@@H](CNCCc1cccc(CNCCc2ccccc2F)c1)c3ccc(O)c4NC(=O)Sc34,-0.5681968588963666
83,CHEMBL1232461,10.23,CCNC(=O)C[C@@H]1N=C(c2ccc(Cl)cc2)c3cc(OC)ccc3n4c(C)nnc14,-0.7873810743286949
84,CHEMBL323776,140.0,CN(CCNCCc1ccc(O)c2nc(O)sc12)C(=O)CCOCCc3ccccc3,1.6292319789128722
85,CHEMBL360227,56.23,CCN(CC)CCN1C(=O)[C@@](O)(c2ccccc2Cl)c3c1cc(cc3C(F)(F)F)C(=O)N,0.06924372685117779
86,CHEMBL2031556,44.67,O=C(Nc1cccc(c1)c2nnn[nH]2)c3cccc4[nH]cnc34,-0.14602981014098146
87,CHEMBL2070938,36.31,O=C(NC1(CC1)C#N)[C@@H]2CCCC[C@H]2C(=O)N3CCN(CC3)c4nccs4,-0.3017120566162801
88,CHEMBL2207669,15.0,O[C@H](CNC(=O)C1=CNC(=O)c2ccccc12)CN3CCC(CC3)Oc4ccc(C#N)c(Cl)c4,-0.6985528069019995
89,CHEMBL1091678,3.0,CC(C)C[C@@H]1NC(=O)[C@@H](Cc2ccccc2)NC(=O)[C@H](CCN)NC(=O)[C@H](CCNC(=O)[C@@H](NC(=O)[C@H](CCN)NC(=O)[C@H](CCN)NC1=O)[C@@H](C)O)NC(=O)[C@H](CCN)NC(=O)[C@@H](NC(=O)[C@H](CCN)NC(=O)C)[C@@H](C)O,-0.9220201463402271
90,CHEMBL2018969,25.0,COc1cccc2c1c(NS(=O)(=O)c3ccc(Cl)s3)nn2Cc4cccc(CNC(=O)C(C)(C)O)c4,-0.5123300240368097
91,CHEMBL240317,150.0,O=C(N1CCN(Cc2ccccc2)CC1)c3ccccc3,1.815454761778062
92,CHEMBL1921939,77.0,C[C@@](N1CCCCC1)(C(=O)O[C@H]2C[N+]3(CCOCCc4ccccc4)CCC2CC3)c5ccccc5,0.4560284468621769
93,CHEMBL370657,7.94,Cn1c(nnc1C23CCC(CC2)(CC3)c4noc(n4)c5ccc(F)cc5)c6ccccc6C(F)(F)F,-0.8300260916048234
94,CHEMBL212689,5.79,CCN(C1CCN(CC[C@H](c2ccc(cc2)S(=O)(=O)C)c3cc(F)cc(F)c3)CC1)C(=O)Cc4ccc(cc4)S(=O)(=O)C,-0.8700639899208392
95,CHEMBL403313,3.0,CN(C)S(=O)(=O)NC(=O)CCCc1c([nH]c2ccc(cc12)C#N)c3ccc(F)cc3,-0.9220201463402271
96,CHEMBL1399574,4.17,CCOc1ccc(NC(=O)CCc2c(C)nc3nc(C)nn3c2C)cc1,-0.9002320807449999
97,CHEMBL1916275,21.0,CN(C1CCCCC1)C(=O)c2c(C)nn(c2NS(=O)(=O)c3ccc(C)cc3)c4ccccc4,-0.5868191371828856
98,CHEMBL1448843,64.57,O=C(CSc1ccccc1)N2CCN(CC2)C(=O)c3occc3,0.22455352776074597
99,CHEMBL421604,105.0,CS(=O)(=O)Nc1ccc(CCOCCCS(=O)(=O)CCNCCc2ccc(O)c3nc(O)sc23)cc1,0.9774522388847082
100,CHEMBL1425658,150.0,C(N1CCN(CC1)c2nc3ccccc3s2)c4nnnn4Cc5cccs5,1.815454761778062
101,CHEMBL2048873,8.91,N[C@@H]1CCCN(C1)c2c(\C=C\3/SC(=O)NC3=O)cccc2c4ccncc4,-0.8119624816669001
102,CHEMBL1513,9.01,CCCCC1=NC2(CCCC2)C(=O)N1Cc3ccc(cc3)c4ccccc4c5nn[nH]n5,-0.8101002538382481
103,CHEMBL339053,40.74,Clc1ccc(C[C@@H](NC(=O)[C@H]2Cc3ccccc3CN2)C(=O)N4CCC(Cn5cncn5)(CC4)C6CCCCC6)cc1,-0.21921536380700102
104,CHEMBL62136,14.13,OC(c1ccc(cc1)N(CC(F)(F)F)S(=O)(=O)c2ccccc2)(C(F)(F)F)C(F)(F)F,-0.7147541890112709
105,CHEMBL440405,14.3,CS(=O)(=O)NC(=O)CCCc1c([nH]c2ccc(cc12)C#N)c3ccc(F)cc3,-0.7115884017025628
106,CHEMBL1534781,150.0,COc1cnc(nc1N(C)c2ccccc2)c3ccccn3,1.815454761778062
107,CHEMBL469728,59.0,COc1ccc(N(C(C(=O)NC[C@@H](C)O)c2ccccc2F)C(=O)c3occc3Cl)c(OC)c1,0.1208274377048354
108,CHEMBL1689120,7.48,C[C@@H]1CN(Cc2cc(Cl)ccc2OCC(=O)O)CCN1S(=O)(=O)c3ccccc3,-0.838592339616622
109,CHEMBL2331752,74.13,CC1=CN([C@H]2CCCN(C2)S(=O)(=O)c3ccc(O)c(Oc4cc(F)cc(Cl)c4)c3)C(=O)NC1=O,0.4025825081798674
110,CHEMBL272705,61.0,C[C@H](CO)Nc1nc(SCc2occc2)nc3NC(=O)Sc13,0.15807199427787336
111,CHEMBL1945033,10.0,O[C@@H](CNCCc1cccc(CNCCc2ccccn2)c1)c3ccc(O)c4NC(=O)Sc34,-0.7916641983345943
112,CHEMBL1916286,15.0,C[C@H](NC(=O)c1c(C)nn(c1NS(=O)(=O)C2CCCCC2)c3ccccc3)C(C)(C)C,-0.6985528069019995
113,CHEMBL2103840,150.0,CCc1cnn2c(NCc3ccc[n+]([O-])c3)cc(nc12)N4CCCC[C@H]4CCO,1.815454761778062
114,CHEMBL1269858,51.29,CN(c1ccnc(Nc2cc(cc(c2)N3CCOCC3)N4CCOCC4)n1)c5cccc6[nH]ncc56,-0.022750327884225905
115,CHEMBL2331843,112.2,CCc1[nH]c2nc(Sc3cnc4ccc[n+]([O-])c4c3)nc(N5CC[C@@H](N)C5)c2c1Cl,1.1115326425476448
116,CHEMBL2107366,25.7,C[C@H](C1=CNC(=S)N1)c2cccc(C)c2C,-0.49929442923624645
117,CHEMBL1473,107.15,CCC(=O)O[C@@]1([C@H](C)C[C@H]2[C@@H]3C[C@H](F)C4=CC(=O)C=C[C@]4(C)[C@@]3(F)[C@@H](O)C[C@]12C)C(=O)SCF,1.0174901372007241
118,CHEMBL2017974,15.85,Nc1cc(c(cn1)c2cc(nc(n2)N3CCOCC3)N4CCOCC4)C(F)(F)F,-0.6827238703584583
119,CHEMBL1921936,66.0,C[C@@](N1CCCCC1)(C(=O)O[C@H]2C[N+]3(CCCOc4ccc(F)cc4)CCC2CC3)c5ccccc5,0.2511833857104682
120,CHEMBL1770477,46.0,CCOc1ccc2oc(C(=O)NC(CCSC)c3nc4ncccc4[nH]3)c(C)c2c1,-0.12126218001991126
121,CHEMBL165790,109.65,CC(C)Oc1ccc2C(=O)C(=COc2c1)c3ccccc3,1.0640458329170215
122,CHEMBL2326864,12.88,CC(=O)Nc1nc(CCc2ccc(NC(=N)N)cc2)cs1,-0.7380320368694196
123,CHEMBL2158051,16.98,CN[C@@H](C)C(=O)N[C@H]1CN(CC[C@H]2CC[C@H](N2C1=O)C(=O)NC(c3ccccc3)c4ccccc4)C(=O)CC(C)C,-0.6616806958946918
124,CHEMBL1235773,72.44,COc1ccc2ncc(C#N)c(CCN3CCC(CC3)NCc4cc5SCOc5cn4)c2c1,0.37111085787565035
125,CHEMBL1689124,10.0,CCC[C@H]1CN(Cc2cc(Cl)ccc2OCC(=O)O)CCN1S(=O)(=O)c3ccccc3,-0.7916641983345943
126,CHEMBL1020,7.33,Cc1ccc(cc1)C(=O)c2ccc(CC(=O)O)n2C,-0.8413856813596
127,CHEMBL2152252,19.95,CNC(=O)c1nc(cnc1N)c2ccc(Cl)c(c2)S(=O)(=O)Nc3cccc(F)c3F,-0.6063725293837304
128,CHEMBL408194,22.39,COC1=CC(=N/C/1=C\c2[nH]c(C)cc2C)c3cc4ccccc4[nH]3,-0.5609341703646242
129,CHEMBL110861,150.0,Oc1ccc(CCNCCOCCCOCCc2ccccc2)c3sc(O)nc13,1.815454761778062
130,CHEMBL553,9.77,COCCOc1cc2ncnc(Nc3cccc(c3)C#C)c2cc1OCCOC,-0.7959473223404937
131,CHEMBL82663,91.0,Oc1ccc(CCNCCS(=O)(=O)CCCOCCc2ccccc2)c3sc(O)nc13,0.7167403428734426
132,CHEMBL1643349,3.0,CC1(C)C(=O)Nc2ccccc12,-0.9220201463402271
133,CHEMBL2158829,3.0,OC(=O)COc1cccc(c1)N2CCC(CN3CCC(CC3)Oc4ccc(Cl)c(Cl)c4)CC2,-0.9220201463402271
134,CHEMBL1526668,150.0,O=C(N1CCCCC1)c2csc3CCCCc23,1.815454761778062
135,CHEMBL416,52.0,COc1c2OC(=O)C=Cc2cc3ccoc13,-0.009528510300797417
136,CHEMBL1689126,4.0,C[C@H]1CN(Cc2cc(Cl)ccc2OCC(=O)O)CCN1C(=O)Cc3ccccc3,-0.9033978680537081
137,CHEMBL1610669,150.0,CC(C)CCOc1ccc(N)cc1,1.815454761778062
138,CHEMBL2158780,3.0,Cc1cc(Cl)ccc1OC2CCN(CC3CCN(CC3)[C@@H](Cc4ccc(F)cc4)C(=O)O)CC2,-0.9220201463402271
139,CHEMBL168634,6.17,Cc1ccc(cc1)S(=O)(=O)N2N=Cc3ccccc3B2O,-0.862987524171962
140,CHEMBL562551,150.0,COc1cc(NC(=O)c2ccccn2)ccc1Cl,1.815454761778062
141,CHEMBL1684984,5.37,CS(=O)(=O)N1CCc2c1nc(nc2c3cnc(N)nc3)N4CCOCC4,-0.8778853468011772
142,CHEMBL217899,73.0,CCc1nn(C2CCCC2)c3c1CCn4c(nnc34)c5cccs5,0.38153933371610105
143,CHEMBL479,114.0,CSc1ccc2Sc3ccccc3N(CCC4CCCCN4C)c2c1,1.145052743463379
144,CHEMBL1770298,70.0,Cc1ccc(s1)C(NC(=O)c2ccccc2O)C(=O)Nc3c(C)cccc3C,0.3256724988565441
145,CHEMBL1091289,3.0,CCCCCCCC(=O)N[C@@H](CCN)C(=O)N[C@@H]([C@@H](C)O)C(=O)N[C@@H](CCN)C(=O)N[C@H]1CCNC(=O)[C@@H](NC(=O)[C@H](C)NC(=O)[C@H](CCN)NC(=O)[C@H](CC(C)C)NC(=O)[C@@H](Cc2ccccc2)NC(=O)[C@H](CCN)NC1=O)[C@@H](C)O,-0.9220201463402271
146,CHEMBL2170992,109.65,CC(C)c1ccc(NC(=O)NCCCSC[C@H]2O[C@H]([C@H](O)[C@@H]2O)n3cnc4c(N)ncnc34)cc1,1.0640458329170215
147,CHEMBL1526762,3.0,Cc1cc(C)nc(SCC(=O)N)n1,-0.9220201463402271
148,CHEMBL1263,85.0,OCc1cc(ccc1O)C(O)CNCCCCCCOCCCCc2ccccc2,0.6050066731543288
149,CHEMBL2070946,5.25,O=C(NC1(CC1)C#N)[C@@H]2CCCC[C@H]2C(=O)N3CCN(CC3)c4ncc(C#N)s4,-0.8801200201955595
150,CHEMBL550436,29.0,C[C@H](CO)N1C=Cc2c(NC(=O)Cc3ccc(Cl)c(c3)C(F)(F)F)cccc2C1=O,-0.4378409108907338
151,CHEMBL256963,19.05,Clc1ccc2ncc(c3cccc(NC4CNC4)n3)n2c1,-0.6231325798415976
152,CHEMBL1987793,123.03,Cc1ccccc1c2c(C(=O)O)n(CCCOc3cccc4ccccc34)c5ccccc25,1.3132119163906453
153,CHEMBL1807817,150.0,O[C@@H](CNCCSCCCOCCc1ccccc1)c2ccc(O)c3NC(=O)Sc23,1.815454761778062
154,CHEMBL559968,8.0,Clc1ccccc1CCNC(=O)c2cc(ccc2Cl)N3N=CC(=O)NC3=O,-0.8289087549076323
155,CHEMBL298019,150.0,CCOC(=O)c1ccc(OCCC2CCN(CC2)c3ccc(C)nn3)cc1,1.815454761778062
156,CHEMBL397983,20.0,CCOc1ccc(cc1)N2C(=O)c3cccnc3N=C2[C@@H](C)N(Cc4cccnc4)C(=O)Cc5ccc(OC(F)(F)F)cc5,-0.6054414154694046
157,CHEMBL2018954,31.0,COc1ccc(COc2nc(Br)cnc2NS(=O)(=O)c3ccc(C)cc3)cc1OCCN(C)C,-0.40059635431769586
158,CHEMBL1688458,97.72,OC(=O)CCc1ccc(OCc2cccc(Oc3ccccc3)c2)cc1,0.84188205295885
159,CHEMBL2103846,150.0,CN(C)c1ccc(cc1)[C@H]2C[C@@]3(C)[C@@H](CC[C@]3(O)C(=O)C)[C@@H]4CCC5=CC(=O)CCC5=C24,1.815454761778062
160,CHEMBL1294,72.44,COc1ccc2nccc([C@H](O)[C@H]3C[C@@H]4CCN3C[C@@H]4C=C)c2c1,0.37111085787565035
161,CHEMBL1824041,8.51,O=C1COc2ccc(CNC3CCN(CCN4C(=O)COc5ccc(cc45)C#N)CC3)nc2N1,-0.8194113929815077
162,CHEMBL1934423,3.0,C[C@H](NC(=O)c1c(C)nn(C2CCOC2)c1NS(=O)(=O)c3ccc(C)cc3)C(C)(C)C,-0.9220201463402271
163,CHEMBL1689127,3.0,C[C@H]1CN(Cc2cc(Cl)ccc2OCC(=O)O)CCN1C(=O)Cc3ccc(F)cc3,-0.9220201463402271
164,CHEMBL2105717,3.16,COc1cc2nccc(Oc3ccc(NC(=O)C4(CC4)C(=O)Nc5ccc(F)cc5)cc3)c2cc1OC,-0.9190405818143842
165,CHEMBL1689110,3.0,OC(=O)COc1ccc(cc1CN2CCN(CC2)S(=O)(=O)c3ccccc3)C(F)(F)F,-0.9220201463402271
166,CHEMBL379787,150.0,[O-][N+](=O)c1cccc(c1)C(=O)Nc2nc3ccccc3n2CCN4CCOCC4,1.815454761778062
167,CHEMBL2164678,41.41,Fc1ccc2[nH]c3CCN(Cc3c2c1)C(=O)[C@@H]4CCCC[C@H]4C(=O)NC5(CC5)C#N,-0.20673843735503342
168,CHEMBL1091644,16.98,C[C@@]1(O)C[C@@H](C1)c2nc(c3ccc4ccc(nc4c3)c5ccccc5)c6c(N)nccn26,-0.6616806958946918
169,CHEMBL53366,46.0,Cc1nccn1CCC(C(=O)N)(c2ccccc2)c3ccccc3,-0.12126218001991126
170,CHEMBL1921919,36.08,Cc1cc(CCC[N+]23CCC(CC2)[C@H](C3)OC(=O)[C@@](C)(N4CCCCC4)c5ccccc5)ccn1,-0.3059951806221795
171,CHEMBL1921923,66.0,C[C@@](N1CCCCC1)(C(=O)O[C@H]2C[N+]3(CCCc4cncnc4)CCC2CC3)c5ccccc5,0.2511833857104682
172,CHEMBL402986,3.0,C[C@H](CO)Nc1nc(SCc2ccccc2)nc3NC(=O)Sc13,-0.9220201463402271
173,CHEMBL1782167,21.0,Cc1ccc(cc1c2ccc(nc2)C(=O)NCC3CC3)C(=O)NC4CC4,-0.5868191371828856
174,CHEMBL1944694,29.0,COc1ccccc1CCNCc2ccc(CCNC[C@H](O)c3ccc(O)c4NC(=O)Sc34)cc2,-0.4378409108907338
175,CHEMBL1090090,3.0,NC(=O)N(c1ccc(C(=O)N)c(n1)c2ccc(F)cc2F)c3c(F)cccc3F,-0.9220201463402271
176,CHEMBL2177621,12.3,CSc1c(cnn1c2ccc(cc2)C(=O)O)C(=O)NC3C4CC5CC(CC3C5)C4,-0.7488329582756007
177,CHEMBL1934418,5.0,C[C@H](NC(=O)c1c(C)nn(C2CCSCC2)c1NS(=O)(=O)c3ccc(C)cc3)C(C)(C)C,-0.8847755897671892
178,CHEMBL1089773,14.45,CN1CCN(CC1)c2ccc(cc2)c3cnc4cccc(c5cc(F)c(CN6CCOCC6)c(F)c5)c4n3,-0.7087950599595848
179,CHEMBL190243,6.0,C[C@@H](C(=O)NCCN1CCCC1)c2ccc(OS(=O)(=O)C(F)(F)F)cc2,-0.8661533114806702
180,CHEMBL2158783,13.78,Cc1c(Cl)ccc(OC2CCN(CC3CCN(CC3)[C@@H](Cc4ccc(F)cc4)C(=O)O)CC2)c1Cl,-0.7212719864115525
181,CHEMBL1221681,108.0,O[C@@H](CN[C@H]1CCC[C@@H]1OCc2ccccc2)c3ccc(O)c4NC(=O)Sc34,1.033319073744265
182,CHEMBL1644374,150.0,O(c1ccccc1)c2nccc3ccccc23,1.815454761778062
183,CHEMBL1963462,128.0,C[C@@](C1CCCC1)(C(=O)OC2CC[N+](C)(C)CC2)c3ccccc3,1.4057646394746446
184,CHEMBL1829763,3.0,C[C@H](N1CC[C@@](CCO)(OC1=O)c2ccc(F)cc2)c3ccc(cc3)c4ccc(F)cc4F,-0.9220201463402271
185,CHEMBL1934421,3.0,C[C@H](NC(=O)c1c(C)nn(C2CCN(CC(F)(F)F)CC2)c1NS(=O)(=O)c3ccc(C)cc3)C(C)(C)C,-0.9220201463402271
186,CHEMBL91428,3.0,COc1cc2ncnc(Nc3cc4ccccc4cn3)c2cc1OC,-0.9220201463402271
187,CHEMBL1945291,33.0,COc1ccccc1CN(C)Cc2cccc(CCNC[C@H](O)c3ccc(O)c4NC(=O)Sc34)c2,-0.3633517977446579
188,CHEMBL1069,3.0,CCCCC(=O)N(Cc1ccc(cc1)c2ccccc2c3nnn[nH]3)[C@@H](C(C)C)C(=O)O,-0.9220201463402271
189,CHEMBL1950720,10.47,CN[C@@H](C)C(=O)N[C@@H](C1CCCCC1)C(=O)N2CC[C@H]3CCN(CCc4ccccc4)C[C@@H]23,-0.7829117275399304
190,CHEMBL1929039,28.18,Cc1cc(F)ccc1n2nc(cc2c3ccc4OCC(=O)Nc4c3)C(F)(F)F,-0.4531111790856794
191,CHEMBL521809,100.0,O=C(N1CCN(CC1)c2ncccn2)c3cccc(CC4=NNC(=O)c5ccccc45)c3,0.8843408474521133
192,CHEMBL173706,150.0,CC(C)(C)NCC(O)COc1nsnc1N2CCOCC2,1.815454761778062
193,CHEMBL1916086,40.0,Cc1ccc(cc1)S(=O)(=O)Nc2c(cnn2c3ccccc3)C(=O)NCc4ccccc4,-0.2329958497390251
194,CHEMBL1081917,43.43,Cc1cc(CN(CC(=O)Nc2ccc(Cl)cc2Cl)C3CCCCC3)ccc1OCC(=O)O,-0.16912143521626502
195,CHEMBL1921925,65.0,C[C@@](N1CCCCC1)(C(=O)O[C@H]2C[N+]3(CCCc4cc5ccccc5s4)CCC2CC3)c6ccccc6,0.23256110742394925
196,CHEMBL1082724,7.24,C[C@@H]1Cc2c([nH]c3cc(Cl)c(F)cc23)[C@]4(N1)C(=O)Nc5ccc(Cl)cc45,-0.8430616864053867
197,CHEMBL1689122,7.0,CC1CN(CCN1Cc2cc(Cl)ccc2OCC(=O)O)S(=O)(=O)c3ccccc3,-0.8475310331941512
198,CHEMBL346886,45.71,Cc1cccc2c(O)nc(nc12)c3ccc(cc3)C(F)(F)F,-0.12666264072300173
199,CHEMBL1290284,138.04,COc1cc(cc(OC)c1O)C(=O)OCCCCNC(=N)N,1.592732313471295
200,CHEMBL1916282,12.15,C[C@H](NC(=O)c1c(C)nn(c1NS(=O)(=O)c2ccc(C)cc2)c3ccccc3)C(C)(C)C,-0.7516263000185786
201,CHEMBL193,150.0,COC(=O)C1=C(C)NC(=C(C1c2ccccc2[N+](=O)[O-])C(=O)OC)C,1.815454761778062
202,CHEMBL11,150.0,CN(C)CCCN1c2ccccc2CCc3ccccc13,1.815454761778062
203,CHEMBL1916261,56.0,CCC(CC)NC(=O)c1nnn(c1NS(=O)(=O)c2ccc(C)cc2)c3ccccc3,0.06496060284527848
204,CHEMBL2086477,32.36,C=CC(=O)Nc1ccccc1,-0.3752700558480301
205,CHEMBL552512,3.0,O=C(CC1CCCCCC1)Nc2cccc3C(=O)N(C=Cc23)[C@H]4CCNC4,-0.9220201463402271
206,CHEMBL1078,3.0,CC(C)n1c(\C=C\[C@@H](O)C[C@@H](O)CC(=O)O)c(c2ccc(F)cc2)c3ccccc13,-0.9220201463402271
207,CHEMBL376408,9.55,CN(C)CC[C@H](CSc1ccccc1)Nc2ccc(cc2[N+](=O)[O-])S(=O)(=O)NC(=O)c3ccc(cc3)N4CCN(Cc5ccccc5c6ccc(Cl)cc6)CC4,-0.8000442235635279
208,CHEMBL1484,150.0,COC(=O)C1=C(C)NC(=C(C1c2cccc(c2)[N+](=O)[O-])C(=O)OCCN(C)Cc3ccccc3)C,1.815454761778062
209,CHEMBL2312185,19.5,CNc1nc(C)c(s1)c2nc(Nc3cccc(c3)N4CCCNCC4)ncc2C#N,-0.6147525546126641
210,CHEMBL196707,3.0,Cc1c(CC(=O)O)c2cc(F)ccc2n1S(=O)(=O)c3ccc(cc3)S(=O)(=O)C,-0.9220201463402271
211,CHEMBL2035017,147.91,NC1(CCC1)c2ccc(cc2)c3nc4ccccc4cc3c5ccccc5,1.7765342001592372
212,CHEMBL1934417,9.9,COCCC(C)n1nc(C)c(C(=O)N[C@@H](C)C(C)(C)C)c1NS(=O)(=O)c2ccc(C)cc2,-0.7935264261632462
213,CHEMBL1209914,30.9,CC(=O)N1N=C(CC1c2ccc(C)cc2)c3ccc(Br)cc3,-0.4024585821463478
214,CHEMBL1198335,150.0,COc1cccc(Nc2nc(NCC3CCCO3)c4ccccc4n2)c1,1.815454761778062
215,CHEMBL2098183,120.23,COc1ccc2nc(C)cc(OCC(=O)NCc3ccccc3)c2c1,1.2610695371883922
216,CHEMBL1072,144.54,CCCCNc1cc(cc(c1Oc2ccccc2)S(=O)(=O)N)C(=O)O,1.7137771223336682
217,CHEMBL72,150.0,CNCCCN1c2ccccc2CCc3ccccc13,1.815454761778062
218,CHEMBL2151326,27.54,COc1cc(Nc2nc3c(cc2F)ncn3[C@@H](CO)c4ccc(F)cn4)n[nH]1,-0.46502943718905154
219,CHEMBL512504,52.48,OC1=C(C#N)C(=O)Nc2scc(c3ccc(cc3)c4ccccc4O)c12,-0.0005898167232683683
220,CHEMBL560423,3.0,OC1(CNC(=O)c2cc(ccc2Cl)N3N=CC(=O)NC3=O)CCCCCC1,-0.9220201463402271
221,CHEMBL496929,63.1,OCCc1ccc(NC(=O)c2cc3cc(Cl)ccc3[nH]2)cc1,0.1971787786795632
222,CHEMBL2070950,6.61,O=C(NC1(CC1)C#N)[C@@H]2CCCC[C@H]2C(=O)N3CCN(CC3)c4nc5ccncc5s4,-0.8547937217258936
223,CHEMBL1771,137.0,COC(=O)[C@@H](N1CCc2sccc2C1)c3ccccc3Cl,1.5733651440533154
224,CHEMBL551707,13.0,Clc1ccc2nc(ccc2c1C(=O)NCC34CC5CC(CC(C5)C3)C4)N6CCC[C@@H](C6)NCCc7nnn[nH]7,-0.7357973634750374
225,CHEMBL505,23.0,CN(C)CCC(c1ccc(Cl)cc1)c2ccccn2,-0.5495745806098477
226,CHEMBL1944692,14.0,O[C@@H](CNCCc1ccc(CNCCc2ccccc2F)cc1)c3ccc(O)c4NC(=O)Sc34,-0.7171750851885185
227,CHEMBL1921931,60.0,C[C@@](N1CCCCC1)(C(=O)O[C@H]2C[N+]3(CCOc4ccc(Cl)cc4)CCC2CC3)c5ccccc5,0.13944971599135436
228,CHEMBL1164729,12.73,CC(C)COc1ccc(cc1C#N)c2nc(C)c(s2)C(=O)O,-0.7408253786123974
229,CHEMBL2151325,30.2,CCOc1cc(Nc2nc3c(cc2F)ncn3[C@@H](CO)c4ccc(F)cn4)n[nH]1,-0.41549417694691104
230,CHEMBL1519272,3.31,Clc1ccccc1S(=O)(=O)NC(=O)c2ccc[nH]2,-0.9162472400714062
231,CHEMBL2179275,9.12,CC(C)C[C@@H](N1CCC[C@@H](C1)N2C=C(C)C(=O)NC2=O)c3ccc(C(=O)O)c(Oc4cccc(Cl)c4)c3,-0.8080518032267311
232,CHEMBL1201016,114.82,COCC1=C(N2[C@H](SC1)[C@H](NC(=O)\C(=N/OC)\c3csc(N)n3)C2=O)C(=O)OC(C)OC(=O)OC(C)C,1.1603230116583243
233,CHEMBL513370,33.0,COc1ccc(N(C(C(=O)NC[C@@H](C)O)c2ccccc2F)C(=O)c3ccoc3Cl)c(OC)c1,-0.3633517977446579
234,CHEMBL1778636,5.0,OC(=O)COc1ccc(Cl)cc1c2cccc(c2)C#N,-0.8847755897671892
235,CHEMBL1800657,107.0,CCCN(CCNCCc1ccc(O)c2NC(=O)Sc12)C(=O)CCOCCc3ccccc3,1.0146967954577462
236,CHEMBL1549615,150.0,COc1cc2cc(nc(C)c2cc1OC)c3ccc(O)cc3O,1.815454761778062
237,CHEMBL2158778,3.0,OC(=O)[C@H](Cc1ccc(F)cc1)N2CCC(CN3CCC(CC3)Oc4ccc(Cl)cc4)CC2,-0.9220201463402271
238,CHEMBL1082723,8.71,C[C@H]1Cc2c([nH]c3cc(Cl)c(F)cc23)[C@@]4(N1)C(=O)Nc5ccc(Cl)cc45,-0.8156869373242038
239,CHEMBL1916260,5.29,CCC(CC)NC(=O)c1cnn(c1NS(=O)(=O)C2CCCC2)c3ccccc3,-0.8793751290640986
240,CHEMBL217943,22.77,Oc1c(ccc2cccnc12)C(=O)NCc3ccccc3,-0.553857704615747
241,CHEMBL1852508,3.0,Cc1cc(nn1C[C@H](O)CN)c2ccc(Cl)c(c2)C(=O)NCC3(O)CCCCCC3,-0.9220201463402271
242,CHEMBL59356,3.0,C[C@H](C#Cc1ccc(Cc2ccc(F)cc2)s1)N(O)C(=O)N,-0.9220201463402271
243,CHEMBL551813,18.62,CN(C)c1nc(Cc2ccc(NC(=O)c3ccc(cc3)C(F)(F)F)cc2)nc(N(C)C)c1CC(=O)O,-0.6311401595048006
244,CHEMBL403225,17.0,C[C@H](CO)Nc1nc(SCc2cccc(Cl)c2F)nc3NC(=O)Sc13,-0.6613082503289615
245,CHEMBL1916284,18.84,C[C@H](NC(=O)c1c(NS(=O)(=O)c2ccc(C)cc2)n(nc1C(F)(F)F)c3ccccc3)C(C)(C)C,-0.6270432582817665
246,CHEMBL1188966,50.12,CN(C)c1nc(NC[C@@H]2CC[C@@H](CNS(=O)(=O)c3ccc(Br)cc3OC(F)(F)F)CC2)nc4ccccc14,-0.04453839347945313
247,CHEMBL320714,88.0,Oc1ccc(CCNCCCCCCOCCc2ccccc2)c3sc(O)nc13,0.6608735080138857
248,CHEMBL2170837,17.38,CCn1c(C)c(C(=O)O)c(c2cccc(c2)N3CCN(CC3)c4ccc(NS(=O)(=O)c5ccc(N[C@H](CCN6CCC(O)CC6)CSc7ccccc7)c(c5)S(=O)(=O)C(F)(F)F)cc4)c1c8ccc(Cl)cc8,-0.6542317845800844
249,CHEMBL1600648,64.34,Cc1nc2ncnn2c(O)c1CCOC(=O)c3c(F)cccc3F,0.22027040375484677
250,CHEMBL1090630,3.0,CCCCCCCC(=O)N[C@@H](C)C(=O)N[C@@H]([C@@H](C)O)C(=O)N[C@@H](CCN)C(=O)N[C@H]1CCNC(=O)[C@@H](NC(=O)[C@H](CCN)NC(=O)[C@H](CCN)NC(=O)[C@H](CC(C)C)NC(=O)[C@@H](Cc2ccccc2)NC(=O)[C@H](CCN)NC1=O)[C@@H](C)O,-0.9220201463402271
251,CHEMBL1209915,16.6,COc1ccc(cc1)C2CC(=NN2C(=O)C)c3ccc(Br)cc3,-0.668757161643569
252,CHEMBL70972,85.0,CC1=C(C)C(=O)C(=C(C)C1=O)C(CCCCCC(=O)O)c2ccccc2,0.6050066731543288
253,CHEMBL1423878,52.48,Oc1ncnc2c1c(cn2c3ccc(Br)cc3)c4ccccc4,-0.0005898167232683683
254,CHEMBL267144,144.54,CC(C)[C@@H]1N(C)c2ccccc2C[C@@H](CO)NC1=O,1.7137771223336682
255,CHEMBL1807825,8.0,CCOc1ccc(CCNCCCSCCNC[C@H](O)c2ccc(O)c3NC(=O)Sc23)cc1,-0.8289087549076323
256,CHEMBL570015,130.0,COc1cccc(Nc2c(cnc3c(C)cc(cc23)S(=O)(=O)c4cccc(c4)C(=O)N(C)C)C(=O)N)c1,1.4430091960476825
257,CHEMBL787,43.65,CC(C)(O)c1ccccc1CC[C@@H](SCC2(CC(=O)O)CC2)c3cccc(\C=C\c4ccc5ccc(Cl)cc5n4)c3,-0.1650245339932309
258,CHEMBL1800658,99.0,CC(C)N(CCNCCc1ccc(O)c2NC(=O)Sc12)C(=O)CCOCCc3ccccc3,0.8657185691655943
259,CHEMBL2035021,150.0,NC1(CCC1)c2ccc(cc2)c3nc4ccccn4c3c5ccccc5,1.815454761778062
260,CHEMBL2088413,150.0,Cc1ccc(CCNC(=O)c2ccc3sc(CO)nc3c2)cc1,1.815454761778062
261,CHEMBL1381233,25.12,O=C(Nc1ccncc1)c2cccc3ccccc23,-0.5100953506424274
262,CHEMBL589973,3.0,CCCCNC(=O)c1ccc(Oc2ccc(CC(=O)O)cc2OC)c(NS(=O)(=O)c3ccc(Cl)cc3Cl)c1,-0.9220201463402271
263,CHEMBL2031561,29.51,Oc1cc(cc(c1)C(F)(F)F)C(=O)Nc2cccc(c2)c3nnn[nH]3,-0.42834354896460913
264,CHEMBL605846,14.0,COc1ccc(CC(C)(C)NC[C@H](O)c2cc(O)cc3NC(=O)COc23)cc1,-0.7171750851885185
265,CHEMBL495383,150.0,OCCc1cccc(NC(=O)c2cc3cc(Cl)ccc3[nH]2)c1,1.815454761778062
266,CHEMBL2147033,150.0,O=C1COC2(CCN(CC2)S(=O)(=O)c3ccc(cc3)c4ccc5cnccc5c4)CN1C6CC6,1.815454761778062
267,CHEMBL1934420,3.0,C[C@H](NC(=O)c1c(C)nn(C2CCN(C)CC2)c1NS(=O)(=O)c3ccc(C)cc3)C(C)(C)C,-0.9220201463402271
268,CHEMBL1078685,3.0,N#Cc1cc(ccn1)c2n[nH]c(n2)c3ccncc3,-0.9220201463402271
269,CHEMBL1171837,4.68,CN1CCN(Cc2ccc(NC(=O)c3ccc(C)c(c3)C#Cc4cnc5cccnn45)cc2C(F)(F)F)CC1,-0.8907347188188752
270,CHEMBL575448,70.79,C[C@]1(CCCN1c2nc(Nc3cc([nH]n3)C4CC4)c5cccn5n2)C(=O)Nc6ccc(F)nc6,0.3403840987028942
271,CHEMBL139,80.0,OC(=O)Cc1ccccc1Nc2c(Cl)cccc2Cl,0.5118952817217338
272,CHEMBL335744,61.66,CC(C)C(=O)Nc1nc(cc2ccccc12)c3ccccn3,0.1703626979469758
273,CHEMBL2147032,89.13,O=C1COC2(CCN(CC2)S(=O)(=O)c3ccc(cc3)c4ccc5cccnc5c4)CN1C6CC6,0.681916682477652
274,CHEMBL1458496,150.0,Clc1cccc(C(=O)N2CCN(CC2)c3ccccn3)c1Cl,1.815454761778062
275,CHEMBL322479,93.03,CC(C)(CCCCCOCCc1ccccc1)NCCc2ccc(O)c3nc(O)sc23,0.7545435677950761
276,CHEMBL1800526,29.0,COc1ccnc(CCc2nc3cc(Br)cnc3[nH]2)c1,-0.4378409108907338
277,CHEMBL1090940,3.0,CCCCCCCC(=O)N[C@@H](CCN)C(=O)N[C@@H](C)C(=O)N[C@@H](CCN)C(=O)N[C@H]1CCNC(=O)[C@@H](NC(=O)[C@H](CCN)NC(=O)[C@H](CCN)NC(=O)[C@H](CC(C)C)NC(=O)[C@@H](Cc2ccccc2)NC(=O)[C@H](CCN)NC1=O)[C@@H](C)O,-0.9220201463402271
278,CHEMBL1458025,102.33,Cc1sc2ncnc(SCC(=O)N3CCN(CC3)C(=O)c4occc4)c2c1C,0.9277307558597025
279,CHEMBL2216859,15.14,CC(C)N1CCN(Cc2oc(nc2)c3cc(cc4[nH]ncc34)c5cccc6[nH]ccc56)CC1,-0.6959456879418868
280,CHEMBL1939560,7.08,C[C@@H](N(CC1CCS(=O)(=O)CC1)C(=O)Cc2ccc(c(F)c2)C(F)(F)F)C3=Nc4ncccc4C(=O)N3c5ccc(Cl)cc5,-0.8460412509312297
281,CHEMBL646,150.0,Cc1nnc2CN=C(c3ccccc3Cl)c4cc(Cl)ccc4n12,1.815454761778062
282,CHEMBL1144,26.98,CC[C@H](C)C(=O)O[C@H]1C[C@H](O)C=C2C=C[C@H](C)[C@H](CC[C@@H](O)C[C@@H](O)CC(=O)O)[C@@H]12,-0.47545791302950213
283,CHEMBL477,3.0,Nc1ncnc2c1ncn2[C@@H]3O[C@H](CO)[C@@H](O)[C@H]3O,-0.9220201463402271
284,CHEMBL1789274,142.0,CNCC[C@@H](Oc1cc(OC)ccc1C#N)c2ccccc2,1.6664765354859101
285,CHEMBL2335890,40.74,COCCN(C)c1ccc(Nc2ncc3cc(ccc3n2)c4ccncc4)cc1,-0.21921536380700102
286,CHEMBL235789,4.0,Clc1ccc(CN2CCNCC2)cc1C(=O)NCC34CC5CC(CC(C5)C3)C4,-0.9033978680537081
287,CHEMBL464081,141.0,CC1(C)[C@@H]2CC[C@@]1(CS(=O)(=O)N3CCN(CC3)c4ccc(cn4)C(F)(F)F)C(=O)C2,1.6478542571993913
288,CHEMBL1945298,23.0,O[C@@H](CNCCOc1cccc(CNCCc2ccccc2F)c1)c3ccc(O)c4NC(=O)Sc34,-0.5495745806098477
289,CHEMBL2152915,12.59,CO[C@@H]1CC[C@@]2(CC1)Cc3ccc(cc3C24N=C(C)C(=N4)N)c5cc(Cl)cc(c5)C#N,-0.7434324975725101
290,CHEMBL312421,3.0,CC(C)C[C@H](N)C(=O)NC[C@H](O)C[C@@H](N)CC(=O)NN(C)CC(=O)O,-0.9220201463402271
291,CHEMBL556667,150.0,Clc1cccc(NC(=O)c2ccccn2)c1,1.815454761778062
292,CHEMBL203125,3.0,ON(CCCP(=O)(O)O)C=O,-0.9220201463402271
293,CHEMBL1734492,54.95,NC(=O)NC(=O)C(Nc1ccc2CCCc2c1)c3ccccc3,0.04540721064443361
294,CHEMBL1016,3.0,CCOc1nc2cccc(C(=O)O)c2n1Cc3ccc(cc3)c4ccccc4c5nnn[nH]5,-0.9220201463402271
295,CHEMBL178737,38.0,O=C(N1CCOCC1)N2CCn3cc(C4=C(C(=O)NC4=O)c5cnc6ccccn56)c7cccc(C2)c37,-0.27024040631206303
296,CHEMBL2087361,21.88,C#Cc1cccc(Nc2ncnc3cc4OCCOCCOCCOc4cc23)c1,-0.5704315322907489
297,CHEMBL1921917,82.0,C[C@@](N1CCCCC1)(C(=O)O[C@H]2C[N+]3(CCCc4ccncc4)CCC2CC3)c5ccccc5,0.5491398382947718
298,CHEMBL1091137,69.18,CC\C(=C(\c1ccc(O)cc1)/c2ccc(\C=C\C(=O)O)cc2)\c3ccccc3,0.31040223066159867
299,CHEMBL511444,12.02,CN[C@@H](C)C(=O)N[C@H](C(=O)N1CC[C@H]2CC[C@H](NC(=O)c3cccc4ccccc34)[C@@H]12)C(C)(C)C,-0.754047196195826
300,CHEMBL1241982,5.13,COc1ccc2nc(C)cc(c2c1)n3cc(CN4CCN(CC4)C(=O)C)nn3,-0.8823546935899417
301,CHEMBL192,150.0,CCCc1nn(C)c2C(=O)NC(=Nc12)c3cc(ccc3OCC)S(=O)(=O)N4CCN(C)CC4,1.815454761778062
302,CHEMBL78628,3.0,CN(CC(=O)O)NC(=O)C[C@H](N)C[C@@H](O)CN,-0.9220201463402271
303,CHEMBL1934267,10.0,CC(C)n1nc(C)c(C(=O)N[C@@H](C)C(C)(C)C)c1NS(=O)(=O)c2ccc(C)cc2,-0.7916641983345943
304,CHEMBL232846,19.0,C[C@H](CO)Nc1nc(SCc2ccccc2F)nc3nc(N)sc13,-0.6240636937559235
305,CHEMBL51478,150.0,COc1ccnc(CSc2nc3ccccc3[nH]2)c1,1.815454761778062
306,CHEMBL2172001,11.48,C[C@@H]1CN(CCN1C(=O)[C@@H]2CCCC[C@H]2C(=O)NC3(CC3)C#N)c4ccc5c(C)nnc(C)c5c4,-0.7641032264705462
307,CHEMBL471412,150.0,COc1ccc(N(C(C(=O)NC2CCCC2)c3ccccc3F)C(=O)c4ccccc4)c(OC)c1,1.815454761778062
308,CHEMBL1766779,19.05,CS(=O)(=O)c1ccc(cc1)c2cnc(N)c(n2)C(=O)Nc3ccccc3,-0.6231325798415976
309,CHEMBL1891338,150.0,COc1cccc(CNc2nc(NC(C)C)nc3ccsc23)c1OC,1.815454761778062
310,CHEMBL403963,3.0,C(=C\c1nn[nH]n1)/c2ccccc2,-0.9220201463402271
311,CHEMBL108546,144.0,Oc1ccc(CCNCCCOCCOCCc2ccccc2)c3sc(O)nc13,1.703721092058948
312,CHEMBL1917459,3.0,CCS(=O)(=O)Nc1cccc2c1c(Oc3ccc(Cl)cc3)c(C)n2CC(=O)O,-0.9220201463402271
313,CHEMBL2312113,150.0,COc1cc(O)c(C(CC(=O)N2CC(C)CC(C)C2)c3ccc4OCOc4c3)c(OC)c1,1.815454761778062
314,CHEMBL1201182,150.0,CO[C@@H]1C[C@H](C[C@@H](C)[C@@H]2CC(=O)[C@H](C)\C=C(/C)\[C@@H](O)[C@@H](OC)C(=O)[C@H](C)C[C@H](C)\C=C\C=C\C=C(/C)\[C@H](C[C@@H]3CC[C@@H](C)[C@@](O)(O3)C(=O)C(=O)N4CCCC[C@H]4C(=O)O2)OC)CC[C@H]1OC(=O)C(C)(CO)CO,1.815454761778062
315,CHEMBL1529080,150.0,CN1SC(=O)c2cc(ccc12)S(=O)(=O)NC3CC3,1.815454761778062
316,CHEMBL2098096,51.29,Cc1cc(OCC(=O)NCc2ccccc2)c3cc(Br)ccc3n1,-0.022750327884225905
317,CHEMBL472455,150.0,COc1ccc(N(C(C(=O)NC2CCCC2)c3ccccc3F)C(=O)c4occc4)c(OC)c1,1.815454761778062
318,CHEMBL222989,26.92,OC(=O)CN1C(=O)C(=O)c2ccccc12,-0.47657524972669324
319,CHEMBL384467,31.0,C[C@@H]1C[C@H]2[C@@H]3CCC4=CC(=O)C=C[C@]4(C)[C@@]3(F)[C@@H](O)C[C@]2(C)[C@@]1(O)C(=O)CO,-0.40059635431769586
320,CHEMBL24850,25.7,OC(=O)c1cc2cc(OCc3ccccc3)ccc2[nH]1,-0.49929442923624645
321,CHEMBL189475,3.0,C[C@@H](C(=O)NS(=O)(=O)C)c1ccc(OS(=O)(=O)C(F)(F)F)cc1,-0.9220201463402271
322,CHEMBL1486517,50.12,O=C(C1CCN(CC1)c2nnc(s2)n3cccc3)N4CCN(Cc5ccc6OCOc6c5)CC4,-0.04453839347945313
323,CHEMBL2103876,50.12,Cc1ccc2c(NC[C@](O)(CC(C)(C)c3cc(F)cc4CCOc34)C(F)(F)F)cccc2n1,-0.04453839347945313
324,CHEMBL1916276,5.0,CC1CCCCC1NC(=O)c2cnn(c2NS(=O)(=O)c3ccc(C)cc3)c4ccccc4,-0.8847755897671892
325,CHEMBL2030560,3.0,Nc1nc2ccc(cc2[nH]1)C(=O)c3ccccc3,-0.9220201463402271
326,CHEMBL2031559,17.38,FC(F)(F)c1cc(C(=O)Nc2cccc(c2)c3nnn[nH]3)c4nc[nH]c4c1,-0.6542317845800844
327,CHEMBL1201391,46.28,CCC(C)(C)C(=O)O[C@H]1C[C@@H](C)C=C2C=C[C@H](C)[C@H](CC[C@@H](O)C[C@@H](O)CC(=O)O)[C@@H]12,-0.11604794209968593
328,CHEMBL1429296,150.0,COc1ccccc1CN2C(C(=O)NC3CCC(C)CC3)c4ccccc4C2=O,1.815454761778062
329,CHEMBL257178,9.8,Fc1ccc(cc1)c2[nH]c3ccc(cc3c2CCCC(=O)NS(=O)(=O)C(F)(F)F)C#N,-0.7953886539918982
330,CHEMBL1916269,27.0,CCC(CC)NC(=O)c1cnn(C)c1NS(=O)(=O)c2ccc(C)cc2,-0.4750854674637718
331,CHEMBL511115,28.0,COc1ccc(cc1OC2CCCC2)[C@@]3(CC[C@H](CC3)C(=O)O)C#N,-0.4564631891772528
332,CHEMBL1984039,61.66,Cc1nn(C)c(C)c1c2cccc3c(CCCOc4cccc5ccccc45)c([nH]c23)C(=O)O,0.1703626979469758
333,CHEMBL2086478,87.1,Cc1ccc(NC(=O)C=C)cc1,0.6441134575560185
334,CHEMBL57531,120.23,Nc1ncc2cc(c(N)nc2n1)c3c(Br)cccc3Br,1.2610695371883922
335,CHEMBL115,53.7,CC(C)(C)NC(=O)[C@@H]1CN(Cc2cccnc2)CCN1C[C@@H](O)C[C@@H](Cc3ccccc3)C(=O)N[C@@H]4[C@H](O)Cc5ccccc45,0.02212936278628489
336,CHEMBL1643199,20.0,Cc1cc(CN2CCc3ccccc3C2C(=O)Nc4ccc(Cl)cc4Cl)ccc1OCC(=O)O,-0.6054414154694046
337,CHEMBL193240,150.0,FC(F)Oc1ccc(cc1OCC2CC2)C(=O)Nc3c(Cl)cncc3Cl,1.815454761778062
338,CHEMBL364714,3.0,C[C@@H](C(=O)N)c1ccc(OS(=O)(=O)C(F)(F)F)cc1,-0.9220201463402271
339,CHEMBL522460,19.0,Cc1ccccc1CN2CCC(CC2)N3CCC(CC3)N4C(=O)Nc5ccccc45,-0.6240636937559235
340,CHEMBL2158826,3.0,OC(=O)Cc1cccc(c1)N2CCC(CN3CCC(CC3)Oc4ccc(Cl)c(Cl)c4)CC2,-0.9220201463402271
341,CHEMBL1922055,110.0,C[C@@](N1CCCCC1)(C(=O)O[C@H]2C[N+]3(Cc4cc(on4)c5ccccc5)CCC2CC3)c6ccccc6,1.070563630317303
342,CHEMBL1956112,40.74,CN1CCC[C@H]1CCN2CCCc3cc(NC(=N)c4cccs4)ccc23,-0.21921536380700102
343,CHEMBL84,3.24,CC[C@@]1(O)C(=O)OCC2=C1C=C3N(Cc4cc5c(CN(C)C)c(O)ccc5nc34)C2=O,-0.9175507995514626
344,CHEMBL511782,150.0,COc1ccc(N(C(C(=O)NC[C@@H](C)O)c2ccccc2F)C(=O)c3ccccc3)c(OC)c1,1.815454761778062
345,CHEMBL1934266,59.87,CCC(CC)NC(=O)c1c(C)nn(C(C)C)c1NS(=O)(=O)c2ccc(C)cc2,0.13702881981410686
346,CHEMBL1573309,77.0,CCN(CC)CCn1c2ccccc2c3cnc(N)c(C#N)c13,0.4560284468621769
347,CHEMBL1801962,150.0,COc1ccccc1C(=O)\C=C\c2ccccc2C(F)(F)F,1.815454761778062
348,CHEMBL1916272,13.49,CCC(CC)NC(=O)c1c(C)nn(c1NS(=O)(=O)c2ccc(C)cc2)c3ccccc3,-0.7266724471146431
349,CHEMBL1082152,41.0,Cn1cc(C2=C(C(=O)NC2=O)c3cccc(NCC(O)CO)c3)c4cc(F)ccc14,-0.21437357145250613
350,CHEMBL1689129,13.0,C[C@H]1CN(Cc2cc(Cl)ccc2OCC(=O)O)CCN1C(=O)Cc3ccccc3Cl,-0.7357973634750374
351,CHEMBL2031221,6.0,CN1CCN(CC1)c2ccc3N=CN(C(=O)c3c2)c4cc(NC(=O)c5cccc(c5)N6CCOCC6)ccc4C,-0.8661533114806702
352,CHEMBL550902,7.0,OC(=O)c1cncc(c1)c2ccc(Cl)c(c2)C(=O)NCC34CC5CC(CC(C5)C3)C4,-0.8475310331941512
353,CHEMBL1689115,18.0,OC(=O)COc1ccc(Cl)cc1CN2CCCN(CC2)S(=O)(=O)Cc3ccccc3,-0.6426859720424425
354,CHEMBL1916288,6.0,C[C@H](NC(=O)c1c(C)nn(c1NS(=O)(=O)c2ccc(cc2)C#N)c3ccc(F)cc3)C(C)(C)C,-0.8661533114806702
355,CHEMBL1308362,87.1,Cc1ccc2cc(C)c3nnc(SCC(=O)N4CCN(CC4)C(=O)c5occc5)n3c2c1,0.6441134575560185
356,CHEMBL2180612,12.3,COC(=O)C1=C(C)NC2=C(C1c3ccc(cc3)c4ccc(cc4)C(F)(F)F)C(=O)CC(C)(C)C2,-0.7488329582756007
357,CHEMBL183630,20.0,Cc1ccc(NC(=O)c2cccc(c2)N3CCOCC3)cc1NC(=O)c4ccc(OCc5cscn5)cc4,-0.6054414154694046
358,CHEMBL1645107,29.51,Nc1nc2ccc(cc2s1)c3ccncc3,-0.42834354896460913
359,CHEMBL191528,64.57,CCOc1ccc2C=CC(=O)Oc2c1,0.22455352776074597
360,CHEMBL2158792,3.0,Cc1cc(OC2CCN(CC3CCN(CC3)[C@@](C)(Cc4ccc(F)cc4)C(=O)O)CC2)ccc1Cl,-0.9220201463402271
361,CHEMBL212521,91.0,CC[C@H](N)C(=O)N[C@@H](Cc1ccc(cc1)c2ccccc2)C#N,0.7167403428734426
362,CHEMBL243001,10.47,CC(C)N1CCC[C@H](CN2C(=Nc3ccc(Oc4ccc(F)cc4)cc3C2=O)C)C1,-0.7829117275399304
363,CHEMBL459353,8.0,COc1ccc(N(C(C(=O)NC[C@@H](C)O)c2ccccc2F)C(=O)c3occc3CO)c(OC)c1,-0.8289087549076323
364,CHEMBL2216870,19.5,CC[C@H](Nc1ncnc2[nH]cnc12)C3=Nc4cccc(F)c4C(=O)N3c5ccccc5,-0.6147525546126641
365,CHEMBL2323239,128.82,O=C(CSC1=NC2=C(SCC2)C(=O)N1c3ccccc3)Nc4ncc(s4)c5ccccc5,1.42103490766959
366,CHEMBL1800472,43.0,CN(CCNC[C@H](O)c1ccc(O)c2NC(=O)Sc12)C(=O)CCOCCc3ccccc3,-0.1771290148794682
367,CHEMBL1173055,12.02,CNCc1ccc(cc1)c2[nH]c3cc(F)cc4C(=O)NCCc2c34,-0.754047196195826
368,CHEMBL500,150.0,CC(C)NCC(O)COc1cccc2[nH]ccc12,1.815454761778062
369,CHEMBL2041980,4.79,CS(=O)(=O)c1ccc(cc1)c2cnc(N)c(c2)c3ccc(nc3)C(F)(F)F,-0.8886862682073582
370,CHEMBL437765,3.0,CO[C@H]1\C=C\O[C@@]2(C)Oc3c(C)c(O)c4c(O)c(NC(=O)\C(=C/C=C/[C@H](C)[C@H](O)[C@@H](C)[C@@H](O)[C@@H](C)[C@H](OC(=O)C)[C@@H]1C)\C)cc(O)c4c3C2=O,-0.9220201463402271
371,CHEMBL1090941,3.0,CCCCCCCC(=O)N[C@@H](CCN)C(=O)N[C@@H]([C@@H](C)O)C(=O)N[C@@H](C)C(=O)N[C@H]1CCNC(=O)[C@@H](NC(=O)[C@H](CCN)NC(=O)[C@H](CCN)NC(=O)[C@H](CC(C)C)NC(=O)[C@@H](Cc2ccccc2)NC(=O)[C@H](CCN)NC1=O)[C@@H](C)O,-0.9220201463402271
372,CHEMBL450470,150.0,COc1ccc(N(C(C(=O)NC2CCCC2)c3ccccc3F)C(=O)C)c(OC)c1,1.815454761778062
373,CHEMBL561771,150.0,COc1cccc(NC(=O)c2cccc(Cc3c(C)nn(CCO)c3c4ccccc4)c2)c1,1.815454761778062
374,CHEMBL945,3.0,NC(=N)NC(=O)c1nc(Cl)c(N)nc1N,-0.9220201463402271
375,CHEMBL216981,75.93,CC[C@@H](NC1=C(Nc2cccc(C(=O)N(C)C)c2O)C(=O)C1=O)c3oc(C)cc3,0.4361026090956018
376,CHEMBL2177110,16.98,CCCSc1c(cnn1c2cccc(c2)C(=O)O)C(=O)NC3CCCCC3,-0.6616806958946918
377,CHEMBL578194,3.0,C[C@H](Nc1nc(Nc2cc([nH]n2)C3CC3)cnc1C#N)c4ccc(F)cn4,-0.9220201463402271
378,CHEMBL1834184,7.59,CCC(=O)N[C@H]1CC[C@H](C1)C(=O)N(C)c2ccc(cc2)c3oc4ccccc4n3,-0.836543889005105
379,CHEMBL1921946,64.0,C[C@@](N1CCCCC1)(C(=O)O[C@H]2C[N+]3(CC(=O)Nc4ccccn4)CCC2CC3)c5ccccc5,0.21393882913743026
380,CHEMBL1916533,39.81,COc1ccc2ncc(F)c(CCN3CCC(CC3)NCc4ccc5OCC(=O)Nc5n4)c2n1,-0.23653408261346368
381,CHEMBL1916283,8.0,C[C@@H](NC(=O)c1c(C)nn(c1NS(=O)(=O)c2ccc(C)cc2)c3ccccc3)C(C)(C)C,-0.8289087549076323
382,CHEMBL642,6.92,CCCC(=O)Nc1ccc(OCC(O)CNC(C)C)c(c1)C(=O)C,-0.8490208154570728
383,CHEMBL2323231,150.0,O=C(CSC1=NC2=C(SCC2)C(=O)N1c3ccccc3)Nc4ccc(cn4)c5ccccc5,1.815454761778062
384,CHEMBL475534,75.0,CCOC(=O)C1=C(C)NC(=C(C1c2cccc(c2)[N+](=O)[O-])C(=O)OC)C,0.418783890289139
385,CHEMBL1644,3.0,CC1=C(N2[C@H](SC1)[C@H](NC(=O)[C@H](N)c3ccc(O)cc3)C2=O)C(=O)O,-0.9220201463402271
386,CHEMBL1800656,135.0,CCN(CCNCCc1ccc(O)c2NC(=O)Sc12)C(=O)CCOCCc3ccccc3,1.5361205874802775
387,CHEMBL2086472,38.02,Fc1ccc(NC(=O)C=C)cc1,-0.2698679607463326
388,CHEMBL1703518,150.0,CCN(CC)S(=O)(=O)c1ccc(cc1)c2oc(SCC(=O)N3CCc4ccccc34)nn2,1.815454761778062
389,CHEMBL1916264,56.0,CCC(CC)NC(=O)c1cnn(c1NS(=O)(=O)c2ccc(C)cc2)c3ccccc3Cl,0.06496060284527848
390,CHEMBL108,19.95,NC(=O)N1c2ccccc2C=Cc3ccccc13,-0.6063725293837304
391,CHEMBL1608462,128.82,CC(C)n1ncc2c(cc(nc12)C3CC3)C(=O)NCc4c(C)cc(C)nc4O,1.42103490766959
392,CHEMBL2059859,10.23,Cc1ccc(cc1NC(=O)c2ccc(OCc3ccccn3)cc2)c4nc5ccccc5[nH]4,-0.7873810743286949
393,CHEMBL304087,13.0,COc1cc(NC(=O)Nc2cccc(CNC(=O)O[C@H]3CCOC3)c2)ccc1c4ocnc4,-0.7357973634750374
394,CHEMBL2139925,150.0,CCc1nc2ccc(cn2c1N(C)Cc3cccs3)C(=O)NCc4ccc5OCOc5c4,1.815454761778062
395,CHEMBL1596896,91.2,Cc1cccc(NC(=O)Nc2cccc3ccccc23)c1,0.7204647985307464
396,CHEMBL1645494,3.0,CNC(=O)Cc1ccc2C(=O)C=C(Nc2c1)c3cccnc3,-0.9220201463402271
397,CHEMBL2335901,3.0,C[C@@H](NC(=O)C1CCNCC1)c2ccc(Nc3ncc4cc(ccc4n3)c5ccncc5)cc2,-0.9220201463402271
398,CHEMBL564885,4.0,Clc1c(NCC2CCNCC2)nccc1C(=O)NCC34CC5CC(CC(C5)C3)C4,-0.9033978680537081
399,CHEMBL2011934,138.04,COc1ccc(cc1)c2nc3c(NCCCN(C)C(=O)C4CCC4)c(Br)cnc3[nH]2,1.592732313471295
400,CHEMBL336718,150.0,COc1ccc(cc1)c2nc(O)c3ccccc3n2,1.815454761778062
401,CHEMBL397237,17.16,C[C@H](CO)Nc1nc(SCc2cccc(F)c2F)nc3nc(N)sc13,-0.6583286858031185
402,CHEMBL1921913,53.0,C[C@@](N1CCCCC1)(C(=O)O[C@H]2C[N+]3(CCc4c[nH]c5ccccc45)CCC2CC3)c6ccccc6,0.009093767985721556
403,CHEMBL2062571,21.88,CC(=O)Nc1ccc2ccn(c3cc(NC4COC4)n5ncc(C#N)c5n3)c2c1,-0.5704315322907489
404,CHEMBL294099,3.0,Brc1ccc(cc1)C2=CC(=O)c3ccccc3O2,-0.9220201463402271
405,CHEMBL2324355,74.13,Cc1nocc1C(=O)Nc2ccc(c(N)n2)c3ccccc3OC(F)(F)F,0.4025825081798674
406,CHEMBL1405150,150.0,CCC(=O)NC(c1cccs1)c2cc(Cl)c3cccnc3c2O,1.815454761778062
407,CHEMBL1831130,19.5,COc1ccc2nc(C)cc(N3CC(CNC(=O)C4CC4)OC3=O)c2c1,-0.6147525546126641
408,CHEMBL960,23.99,Cc1oncc1C(=O)Nc2ccc(cc2)C(F)(F)F,-0.5311385251061939
409,CHEMBL495727,3.0,O=C(NC1CC1)Nc2c[nH]nc2c3nc4cc(CN5CCOCC5)ccc4[nH]3,-0.9220201463402271
410,CHEMBL1947153,29.0,O[C@@H](CNCCc1cccc(CN2CCC(CC2)c3ccccc3)c1)c4ccc(O)c5NC(=O)Sc45,-0.4378409108907338
411,CHEMBL213100,35.48,COc1ccc(N(C(=O)Oc2c(C)cccc2C)c3ccnc(Nc4ccc(cc4)N5CCN(C)CC5)n3)c(OC)c1,-0.3171685475940909
412,CHEMBL1922094,3.0,C[C@H](O)C(=O)N1CCN(Cc2sc3c(nc(nc3c2C)c4cnc(N)nc4)N5CCOCC5)CC1,-0.9220201463402271
413,CHEMBL202626,16.22,Fc1ccccc1NC(=O)NC2N=C(c3ccccc3)c4ccccc4NC2=O,-0.6758336273924463
414,CHEMBL457,150.0,Cc1ccc(C)c(OCCCC(C)(C)C(=O)O)c1,1.815454761778062
415,CHEMBL2058529,13.8,OC(=O)CCc1ccc(OCc2cc(Cl)ccc2c3ccccc3)cc1,-0.7208995408458223
416,CHEMBL2057371,3.0,CC(C)(C)NS(=O)(=O)c1cncc(c1)c2ccc3nc(NC(=O)NCC(=O)N4CCCC4)nn3c2,-0.9220201463402271
417,CHEMBL2179278,3.0,CC1=CN([C@H]2CCCN(C2)[C@@H](CC(C)(C)C)c3ccc(C(=O)O)c(Oc4cccc(Br)c4)c3)C(=O)NC1=O,-0.9220201463402271
418,CHEMBL1789178,150.0,CNCC[C@@H](Oc1cc(Cl)ccc1C#N)c2ccccc2,1.815454761778062
419,CHEMBL1940652,25.7,COc1ccncc1c2ccccc2CN(C(=O)c3oc(cc3)c4ccc(cc4)C#N)c5ccc(cc5)N6CCNCC6,-0.49929442923624645
420,CHEMBL1689134,17.0,C[C@H]1CN(Cc2cc(Cl)ccc2OC(C)(C)C(=O)O)CCN1S(=O)(=O)c3ccccc3,-0.6613082503289615
421,CHEMBL1689130,12.0,C[C@H]1CN(Cc2cc(Cl)ccc2OCC(=O)O)CCN1C(=O)Cc3cccc(Cl)c3,-0.7544196417615564
422,CHEMBL1924032,38.0,CC(N1CCC(F)(F)CC1)(C(=O)OC2CC[N+](C)(C)CC2)c3ccccc3,-0.27024040631206303
423,CHEMBL17357,150.0,NCCc1ccc(O)c2nc(O)sc12,1.815454761778062
424,CHEMBL1868126,16.0,COc1cccc2sc(NC(=O)c3ccccc3)nc12,-0.6799305286154804
425,CHEMBL17157,87.1,CC(C)(C)c1ccc(cc1)C(O)CCCN2CCC(CC2)C(O)(c3ccccc3)c4ccccc4,0.6441134575560185
426,CHEMBL210730,150.0,O=C(Nc1nc2ccccc2[nH]1)c3ccccc3,1.815454761778062
427,CHEMBL398338,20.42,CC(C)(C)c1ccc2[C@@H](CCc2c1)NC(=O)Nc3cccc4[nH]ncc34,-0.5976200585890665
428,CHEMBL1934270,53.0,C[C@H](NC(=O)c1c(C)nn(c1NS(=O)(=O)c2ccc(C)cc2)C(C)(C)C)C(C)(C)C,0.009093767985721556
429,CHEMBL661,42.66,Cc1nnc2CN=C(c3ccccc3)c4cc(Cl)ccc4n12,-0.1834605894968847
430,CHEMBL14762,107.15,CC[C@H](CO)Nc1nc(NCc2ccccc2)c3ncn(C(C)C)c3n1,1.0174901372007241
431,CHEMBL2158825,3.0,OC(=O)Cc1ccccc1N2CCC(CN3CCC(CC3)Oc4ccc(Cl)c(Cl)c4)CC2,-0.9220201463402271
432,CHEMBL492234,150.0,COC(=O)c1ccc(C)c(NS(=O)(=O)c2ccc3N(C)SC(=O)c3c2)c1,1.815454761778062
433,CHEMBL1922056,55.0,C[C@@](N1CCCCC1)(C(=O)O[C@H]2C[N+]3(Cc4onc(n4)c5ccccc5)CCC2CC3)c6ccccc6,0.046338324558759504
434,CHEMBL1916542,150.0,COc1ccc2N=CC(=O)N(CCN3CCC(CC3)NCc4cc5OCCOc5cn4)c2c1,1.815454761778062
435,CHEMBL1852688,87.1,CCN1CCN(CC1)c2ccc(Nc3cc(ncn3)N(C)C(=O)Nc4c(Cl)c(OC)cc(OC)c4Cl)cc2,0.6441134575560185
436,CHEMBL521851,33.11,CS(=O)(=O)N1CCN(Cc2cc3nc(nc(N4CCOCC4)c3s2)c5cccc6[nH]ncc56)CC1,-0.36130334713314083
437,CHEMBL2147474,9.77,COc1cc(ccc1OC[C@H](O)C2CC2)N3C=Nc4cc(sc4C3=O)c5ccc(Cl)cc5,-0.7959473223404937
438,CHEMBL1463345,45.71,C[C@]12CCC(=O)C=C1C=C[C@@H]3[C@@H]2CC[C@@]4(C)[C@H]3CC[C@@]45CCC(=O)O5,-0.12666264072300173
439,CHEMBL1427959,64.57,O=C(Nc1nc2ccccc2s1)c3ccccc3,0.22455352776074597
440,CHEMBL42,150.0,CN1CCN(CC1)C2=Nc3cc(Cl)ccc3Nc4ccccc24,1.815454761778062
441,CHEMBL1956334,150.0,CC(=O)c1ncccc1NC(=O)[C@@H]2CC[C@H](CC2)N3C(=O)[C@@H]4[C@@H]5CC[C@@H](C5)[C@@H]4C3=O,1.815454761778062
442,CHEMBL1934269,18.0,C[C@H](NC(=O)c1c(C)nn(CC(F)(F)F)c1NS(=O)(=O)c2ccc(C)cc2)C(C)(C)C,-0.6426859720424425
443,CHEMBL551360,19.0,OCC(CO)N1C=Cc2c(NC(=O)CC34CC5CC(CC(C5)C3)C4)cccc2C1=O,-0.6240636937559235
444,CHEMBL576981,4.79,C[C@@H](O)[C@@H]1[C@H]2[C@@H](C)C(=C(N2C1=O)C(=O)O)SC3CN(C3)C4=NCCS4,-0.8886862682073582
445,CHEMBL2035025,16.22,NC1(CCC1)c2ccc(cc2)c3ncc4nccn4c3c5ccccc5,-0.6758336273924463
446,CHEMBL1302675,150.0,CCn1c(SCC(=O)Nc2cc(C)on2)nnc1c3ccccc3,1.815454761778062
447,CHEMBL2338020,58.88,CCc1[nH]c2nc(Sc3cnc4ccc[n+]([O-])c4c3)nc(N5C[C@@H]6[C@@H](N)[C@@H]6C5)c2c1Cl,0.11859276431045317
448,CHEMBL141157,150.0,CCOC(=O)\C=C\[C@H](C[C@@H]1CCNC1=O)NC(=O)[C@H](CC#C)N2C=CC=C(NC(=O)c3cc(C)on3)C2=O,1.815454761778062
449,CHEMBL833,150.0,Clc1ccccc1CN2CCc3sccc3C2,1.815454761778062
450,CHEMBL16073,26.92,CCOc1ccc(NC(=O)C)cc1,-0.47657524972669324
451,CHEMBL2216902,10.0,CC(C)c1nc2ccccc2n1c3nc(N4CCOCC4)c5nc(OC6CN(C6)C7CCS(=O)(=O)CC7)n(C)c5n3,-0.7916641983345943
452,CHEMBL521096,12.0,CCOc1cc2ncc(C(=O)N)c(Nc3ccc(C)cc3F)c2cc1N4CCN(C)CC4,-0.7544196417615564
453,CHEMBL602745,72.44,CS(=O)(=O)N1CC[C@@H](C1)N(Cc2ccccc2Cl)c3ccc(C#N)c(Cl)c3,0.37111085787565035
454,CHEMBL254370,65.0,CC[C@@H](NC1=C(Nc2cccc(C(=O)N(C)C)c2O)C(=O)C1=O)c3ccccc3,0.23256110742394925
455,CHEMBL2158828,3.0,OC(=O)COc1ccccc1N2CCC(CN3CCC(CC3)Oc4ccc(Cl)c(Cl)c4)CC2,-0.9220201463402271
456,CHEMBL280148,3.0,CN(C)CCNc1cc(nc2ccccc12)c3ccc(cc3)N4CCN(C)CC4,-0.9220201463402271
457,CHEMBL560219,11.0,OCCN1C=Cc2c(NC(=O)Cc3ccc(Cl)c(c3)C(F)(F)F)cccc2C1=O,-0.7730419200480754
458,CHEMBL480208,150.0,CC1(C)[C@@H]2CC[C@@]1(CS(=O)(=O)N3CCN(CC3)c4ccc(cn4)C#N)C(=O)C2,1.815454761778062
459,CHEMBL1922054,150.0,Cc1ccc2nc(C[N+]34CCC(CC3)[C@H](C4)OC(=O)[C@@](C)(N5CCCCC5)c6ccccc6)oc2c1,1.815454761778062
460,CHEMBL75435,21.0,C[C@H](C(=O)O)c1cccc(c1)C(=O)c2ccccc2,-0.5868191371828856
461,CHEMBL481230,12.59,COc1cc2c(Nc3ccc(F)c(Cl)c3)c(cnc2cc1OCCN(C)CCO)C(=O)N,-0.7434324975725101
462,CHEMBL1924046,101.0,CC(=CCC[N+]12CCC(CC1)[C@H](C2)OC(=O)[C@@](C)(N3CCCCC3)c4ccccc4)C,0.9029631257386322
463,CHEMBL1213085,44.67,Cc1ccccc1N2C(=Nc3cccc(C)c3C2=O)Cn4nc(c5ccc(O)c(F)c5)c6c(N)ncnc46,-0.14602981014098146
464,CHEMBL1770476,21.0,CCOc1ccc2oc(C(=O)NC(CCSC)c3nc4cnccc4[nH]3)c(C)c2c1,-0.5868191371828856
465,CHEMBL1213118,81.0,CN1CCN(CC1)c2nc3ccccc3cc2Cn4nc(c5ccc6nc(N)sc6c5)c7c(N)ncnc47,0.5305175600082528
466,CHEMBL1924047,76.0,C[C@@](N1CCCCC1)(C(=O)O[C@H]2C[N+]3(CCc4ccccc4)CCC2CC3)c5ccccc5,0.43740616857565795
467,CHEMBL2062570,42.66,CC(=O)Nc1ccc2ccn(c3cc(Nc4ccn(C)n4)n5ncc(C#N)c5n3)c2c1,-0.1834605894968847
468,CHEMBL1738840,18.89,COc1ccnc(CCc2nc3cccnc3[nH]2)c1,-0.6261121443674407
469,CHEMBL594684,8.51,Cc1onc(NS(=O)(=O)c2ccc(Cl)cc2)c1,-0.8194113929815077
470,CHEMBL2348642,12.3,CNc1nc(C)c(s1)c2nc(Nc3cccc(c3)N4CCNCC4)ncc2C#N,-0.7488329582756007
471,CHEMBL1807827,7.0,O[C@@H](CNCCSCCCNCCc1cccc(Cl)c1)c2ccc(O)c3NC(=O)Sc23,-0.8475310331941512
472,CHEMBL550637,16.25,Cc1ccc(cc1NC(=O)CC23CC4CC(CC(C4)C2)C3)C(=O)N5CC6CNCC(C5)O6,-0.6752749590438507
473,CHEMBL111775,71.99,Oc1ccc(CCNCCNC(=O)CCOCCc2ccccc2)c3sc(O)nc13,0.3627308326467168
474,CHEMBL2017259,20.42,O=C(Nc1ccc(nc1)n2ccnc2)c3ccc(cc3)C#N,-0.5976200585890665
475,CHEMBL1080786,136.0,N[C@@H](Cc1cccs1)C(=O)N[C@]2(C[C@H]2c3ccccc3)C#N,1.5547428657667963
476,CHEMBL1681882,38.0,CCNC(=O)c1cnc(N2CCN([C@@H](CC)C2)C3CCN(Cc4ccc(Cl)cc4F)CC3)c(Cl)c1,-0.27024040631206303
477,CHEMBL399539,150.0,COC(=O)C1=C(C)NC(=C([C@@H]1c2cccc3nonc23)C(=O)OC(C)C)C,1.815454761778062
478,CHEMBL1214,3.39,CC1(C)S[C@@H]2[C@H](NC(=O)C(C(=O)O)c3ccccc3)C(=O)N2[C@H]1C(=O)O,-0.9147574578084847
479,CHEMBL445,144.0,CNCCC=C1c2ccccc2CCc3ccccc13,1.703721092058948
480,CHEMBL1823817,5.0,COC[C@H](O)CN1C(=O)C=NN(C1=O)c2ccc(Cl)c(c2)C(=O)NCC3(O)CCCCCC3,-0.8847755897671892
481,CHEMBL2179276,9.55,CC(C)C[C@H](N1CCC[C@@H](C1)N2C=C(C)C(=O)NC2=O)c3ccc(C(=O)O)c(Oc4cccc(Cl)c4)c3,-0.8000442235635279
482,CHEMBL1532611,150.0,Nc1ccc(OCCc2ccccc2)cc1,1.815454761778062
483,CHEMBL1921942,64.0,C[C@@](N1CCCCC1)(C(=O)O[C@H]2C[N+]3(CC(=O)Nc4ccccc4)CCC2CC3)c5ccccc5,0.21393882913743026
484,CHEMBL1738797,5.01,CCc1cc2C(=O)c3c([nH]c4cc(ccc34)C#N)C(C)(C)c2cc1N5CCC(CC5)N6CCOCC6,-0.884589366984324
485,CHEMBL271012,28.0,C[C@H](CO)Nc1nc(SCc2ccccc2F)nc3NC(=O)Sc13,-0.4564631891772528
486,CHEMBL1689112,3.0,OC(=O)COc1ccc(cc1CN2CCN(CC2)C(=O)c3ccccc3)C(F)(F)F,-0.9220201463402271
487,CHEMBL2018953,9.88,Clc1ccc(CNc2nc(nc3ncccc23)N4CCN(CC4)C(=O)[C@H]5CCCCN5)c(Cl)c1,-0.7938988717289766
488,CHEMBL1916271,35.0,CCN(C1CCCCC1)C(=O)c2cnn(c2NS(=O)(=O)c3ccc(cc3)c4ocnc4)c5ccccc5,-0.32610724117162
489,CHEMBL2361579,57.54,Cc1cc2cc(C)c3nnc(SCC(=O)N4CCN(CC4)C(=O)c5occc5)n3c2cc1C,0.09363891140651769
490,CHEMBL267744,61.0,OC(=O)COc1ccc(C(=O)c2cccs2)c(Cl)c1Cl,0.15807199427787336
491,CHEMBL1924049,130.0,C[C@@](N1CCCCC1)(C(=O)O[C@H]2C[N+]3(CCc4ccccc4F)CCC2CC3)c5ccccc5,1.4430091960476825
492,CHEMBL2071614,4.79,CC(C)(O)c1ccc(Nc2nc3ccc(cc3[nH]2)C#N)cc1,-0.8886862682073582
493,CHEMBL2364624,11.48,OC(=O)C[C@@H]1CC[C@H](CC1)c2ccc(cc2)c3ccc(Nc4ccc(nc4)C(F)(F)F)cn3,-0.7641032264705462
494,CHEMBL12610,150.0,CN(C)CCCOc1nn(Cc2ccccc2)c3ccccc13,1.815454761778062
495,CHEMBL1896341,150.0,Cc1ccc(CNC(=O)C2CCCN2S(=O)(=O)c3ccc(F)cc3)cc1,1.815454761778062
496,CHEMBL518924,30.51,NCCCCN(Cc1nc2ccccc2[nH]1)[C@H]3CCCc4cccnc34,-0.4097212706780901
497,CHEMBL2158785,3.0,Cc1c(Cl)c(ccc1OC2CCN(CC3CCN(CC3)[C@@H](Cc4ccc(F)cc4)C(=O)O)CC2)C#N,-0.9220201463402271
498,CHEMBL1609158,81.0,CCCC(=O)Nc1ccc(Cl)c(c1)c2oc3cccnc3n2,0.5305175600082528
499,CHEMBL2178393,72.44,Nc1nnc(CCSCCc2nnc(NC(=O)Cc3ccccc3)s2)s1,0.37111085787565035
500,CHEMBL1945289,13.0,COc1ccc(CNCc2cccc(CCNC[C@H](O)c3ccc(O)c4NC(=O)Sc34)c2)cc1,-0.7357973634750374
501,CHEMBL1088913,30.72,NCCCCN(Cc1nc2ccccc2[nH]1)C3CCCc4cccnc34,-0.4058105922379212
502,CHEMBL1256967,11.48,CC1(C)[C@H](NC(=O)\C(=N/OCC2=CC(=O)C(=CN2O)O)\c3csc(N)n3)C(=O)N1OS(=O)(=O)O,-0.7641032264705462
503,CHEMBL1689137,9.0,C[C@H]1CN(Cc2cc(Cl)ccc2CC(=O)O)CCN1S(=O)(=O)Cc3ccccc3,-0.8102864766211133
504,CHEMBL259850,91.0,COc1ccc(CNC(=O)Nc2ncc(s2)[N+](=O)[O-])cc1,0.7167403428734426
505,CHEMBL1086310,16.6,CC(C)c1ccc(NC(=O)Cn2cnc3N(C)C(=O)N(C)C(=O)c23)cc1,-0.668757161643569
506,CHEMBL1934268,5.5,CCn1nc(C)c(C(=O)N[C@@H](C)C(C)(C)C)c1NS(=O)(=O)c2ccc(C)cc2,-0.8754644506239297
507,CHEMBL2153435,6.31,CCNC(=O)C[C@H]1N=C(c2ccc(Cl)cc2)c3cc(OC)ccc3n4c(C)nnc14,-0.8603804052118493
508,CHEMBL1201335,91.0,C[N+]1(C)CCC(C1)OC(=O)C(O)(C2CCCC2)c3ccccc3,0.7167403428734426
509,CHEMBL1778628,3.0,OC(=O)COc1ccc(cc1c2cccc(c2)C#N)C(F)(F)F,-0.9220201463402271
510,CHEMBL2326624,26.0,COc1cccc2c1c(NS(=O)(=O)c3ccc(Cl)s3)nn2Cc4cccc(CNC(=O)[C@@H]5COCCN5)c4,-0.49370774575029075
511,CHEMBL1807818,113.0,O[C@@H](CNCCCSCCOCCc1ccccc1)c2ccc(O)c3NC(=O)Sc23,1.12643046517686
512,CHEMBL51,24.55,Fc1ccc(cc1)C(=O)C2CCN(CCN3C(=O)Nc4ccccc4C3=O)CC2,-0.5207100492657433
513,CHEMBL551765,15.0,OC(=O)C1CCN(CC1)c2ncccc2c3ccc(Cl)c(c3)C(=O)NCC4CCCCCC4,-0.6985528069019995
514,CHEMBL521509,29.0,O=C(NC1CC1)C2=CN(c3cccc(c3)C#Cc4cccnc4)c5ncccc5C2=O,-0.4378409108907338
515,CHEMBL1916287,12.0,C[C@H](NC(=O)c1c(C)nn(c1NS(=O)(=O)c2cccnc2)c3ccc(F)cc3)C(C)(C)C,-0.7544196417615564
516,CHEMBL361812,6.0,OC(=O)CCn1c2CC[C@H](Cc2c3ccccc13)NS(=O)(=O)c4ccc(F)cc4,-0.8661533114806702
517,CHEMBL1460615,75.86,OC1CS(=O)(=O)CC1N2CCC(CC2)c3ccccc3,0.4347990496155453
518,CHEMBL1807820,85.0,O[C@@H](CNCCCSCCOCCc1cccc2ccccc12)c3ccc(O)c4NC(=O)Sc34,0.6050066731543288
519,CHEMBL318021,104.71,CC(CCc1cccc(OCc2ccc3ccccc3n2)c1)CC(=O)O,0.9720517781816176
520,CHEMBL345937,3.0,CC1SC2=C(C(=O)O)C(=O)c3cc(F)c(cc3N12)N4CCNCC4,-0.9220201463402271
521,CHEMBL1089518,3.0,CCCCOc1nc(N)c2NC(=O)N(Cc3cccc(CC(=O)O)c3)c2n1,-0.9220201463402271
522,CHEMBL77131,33.88,CCNC(=O)OC1CCN(CC1)c2nncc3cc(OC)c(OC)cc23,-0.34696419285252117
523,CHEMBL1917458,3.0,CCS(=O)(=O)c1ccc(Oc2c(C)n(CC(=O)O)c3ccc(cc23)C(F)(F)F)cc1,-0.9220201463402271
524,CHEMBL652,3.0,FC(F)(F)COc1ccc(OCC(F)(F)F)c(c1)C(=O)NCC2CCCCN2,-0.9220201463402271
525,CHEMBL1916267,12.0,CCC(CC)NC(=O)c1cnn(Cc2ccccc2)c1NS(=O)(=O)c3ccc(C)cc3,-0.7544196417615564
526,CHEMBL1835918,6.0,Cc1onc(n1)c2ccc(OCC3CN(C3)c4ccc(C)nn4)cc2,-0.8661533114806702
527,CHEMBL223402,9.12,Fc1ccccc1NC(=O)N[C@H]2N=C(c3ccccc3)c4ccccc4NC2=O,-0.8080518032267311
528,CHEMBL1299863,66.07,CCc1c(C)nc(SCC(=O)Nc2nc(cs2)c3ccc(OC)cc3)nc1O,0.2524869451905244
529,CHEMBL560993,10.0,Cc1c(Cc2ccc3ccccc3n2)c4cc(F)ccc4n1CC(=O)O,-0.7916641983345943
530,CHEMBL103482,150.0,CCOC(=O)c1cnc2c(N)cccc2c1O,1.815454761778062
531,CHEMBL2158771,3.0,OC(=O)[C@H](Cc1ccc(cc1)C#N)N2CCC(CN3CCC(CC3)Oc4ccc(Cl)c(Cl)c4)CC2,-0.9220201463402271
532,CHEMBL1234354,10.72,COc1ccc(cn1)C2=Cc3c(C)nc(N)nc3N([C@@H]4CC[C@H](CC4)OCCO)C2=O,-0.7782561579683007
533,CHEMBL1807821,58.0,O[C@@H](CNCCCOCCOCCc1ccccc1)c2ccc(O)c3NC(=O)Sc23,0.10220515941831643
534,CHEMBL1807822,118.0,O[C@@H](CNCCCOCCOCCc1cccc2ccccc12)c3ccc(O)c4NC(=O)Sc34,1.219541856609455
535,CHEMBL1645496,46.0,OC(c1ccccc1)c2ccc3C(=O)C=C(Nc3c2)c4cccnc4,-0.12126218001991126
536,CHEMBL633,11.0,CCCCc1oc2ccccc2c1C(=O)c3cc(I)c(OCCN(CC)CC)c(I)c3,-0.7730419200480754
537,CHEMBL551170,15.3,Clc1ccc(cc1C(=O)NCC23CC4CC(CC(C4)C2)C3)N5N=CC(=O)NC5=O,-0.6929661234160438
538,CHEMBL1412343,150.0,Cc1ccccc1NC(=O)CCS(=O)(=O)c2ccc(Br)s2,1.815454761778062
539,CHEMBL1672434,39.0,C[C@H]1C[C@H](CN1C#N)NS(=O)(=O)c2cc(Br)ccc2Br,-0.25161812802554406
540,CHEMBL2,12.02,COc1cc2nc(nc(N)c2cc1OC)N3CCN(CC3)C(=O)c4occc4,-0.754047196195826
541,CHEMBL1363924,75.86,CCn1c(SCC(=O)Nc2cc(C)on2)nnc1c3cccnc3,0.4347990496155453
542,CHEMBL2170994,93.33,Nc1ncnc2c1ncn2[C@@H]3O[C@H](CSCCCNC(=O)Nc4ccc(Cl)cc4)[C@@H](O)[C@H]3O,0.7601302512810317
543,CHEMBL31815,150.0,Cc1cccc(Nc2ncnc3ccc(NC(=O)C=C)cc23)c1,1.815454761778062
544,CHEMBL2216830,39.81,CCN(CC)CCCCNc1ncc2CN(C(=O)N(Cc3cccc(NC(=O)C=C)c3)c2n1)c4c(Cl)c(OC)cc(OC)c4Cl,-0.23653408261346368
545,CHEMBL1276946,3.0,CC1=C2C(=CC(=O)N1Cc3ccccn3)NN(C2=O)c4ccccc4Cl,-0.9220201463402271
546,CHEMBL1194325,79.99,OC(C(=O)O[C@H]1C[N+]2(CCCOc3ccccc3)CCC1CC2)(c4cccs4)c5cccs5,0.5117090589388685
547,CHEMBL1916084,27.0,Cc1ccc(cc1)S(=O)(=O)Nc2c(cnn2c3ccccc3)C(=O)NC4CCCCC4,-0.4750854674637718
548,CHEMBL1916270,52.0,CCC(CC)NC(=O)c1cnn(c1NS(=O)(=O)c2ccc(cc2)c3ocnc3)c4ccccc4,-0.009528510300797417
549,CHEMBL1537460,103.2,COc1ccccc1C(=O)Nc2ccc(Cc3ccncc3)cc2,0.9439321379689741
550,CHEMBL1934271,15.0,CCC(CC)n1nc(C)c(C(=O)N[C@@H](C)C(C)(C)C)c1NS(=O)(=O)c2ccc(C)cc2,-0.6985528069019995
551,CHEMBL1818218,89.13,CC(C)CNc1nc(ncc1C(=O)NCc2ccccc2)N3CCN(CC4CCCOC4)CC3,0.681916682477652
552,CHEMBL1683934,25.33,O[C@@H](CNCCCCCCCCCN1CCC(CC1)OC(=O)Nc2ccccc2c3ccccc3)c4ccc(O)c5NC(=O)C=Cc45,-0.5061846722022585
553,CHEMBL1807872,3.0,O[C@@H](CNCCCOCCNCCc1cccc(Cl)c1)c2ccc(O)c3NC(=O)Sc23,-0.9220201463402271
554,CHEMBL2031563,67.61,Fc1cc(C(=O)Nc2cccc(c2)c3nnn[nH]3)c4nc[nH]c4c1,0.28116525375176377
555,CHEMBL267894,11.75,CCC1(CCC(C)C)C(=O)NC(=NC1=O)O,-0.7590752113331861
556,CHEMBL580,17.38,OC1N=C(c2ccccc2Cl)c3cc(Cl)ccc3NC1=O,-0.6542317845800844
557,CHEMBL2179281,30.2,CCCCC[C@@H](N1CCC[C@@H](C1)N2C=C(C)C(=O)NC2=O)c3ccc(C(=O)O)c(Oc4cccc(Br)c4)c3,-0.41549417694691104
558,CHEMBL1789155,150.0,NCC[C@@H](Sc1cc(Cl)ccc1C#N)c2ccccc2,1.815454761778062
559,CHEMBL1947155,108.0,C[C@@H](NCc1ccccc1c2ccc(CCNC[C@H](O)c3ccc(O)c4NC(=O)Sc34)cc2)c5ccccc5,1.033319073744265
560,CHEMBL1922048,39.0,C[C@@](N1CCCCC1)(C(=O)O[C@H]2C[N+]3(CC(=O)Nc4ccncn4)CCC2CC3)c5ccccc5,-0.25161812802554406
561,CHEMBL894,72.44,CC(NC(C)(C)C)C(=O)c1cccc(Cl)c1,0.37111085787565035
562,CHEMBL296035,150.0,CCc1cccc2cc(oc12)C(O)CNC(C)(C)C,1.815454761778062
563,CHEMBL1539037,3.09,COc1ccc(NC(=O)CCc2c(C)nc3nc(C)nn3c2C)cc1,-0.9203441412944403
564,CHEMBL2158781,3.0,Cc1cc(F)ccc1OC2CCN(CC3CCN(CC3)[C@@H](Cc4ccc(F)cc4)C(=O)O)CC2,-0.9220201463402271
565,CHEMBL1229592,79.43,COc1cc(ccc1Nc2ncc(Cl)c(Oc3cccc(NC(=O)C=C)c3)n2)N4CCN(C)CC4,0.5012805830984182
566,CHEMBL1738764,53.7,CC(C)N(c1ccnc(Nc2cc(cc(c2)S(=O)(=O)C)N3CCOCC3)n1)c4cc(CO)ccc4C,0.02212936278628489
567,CHEMBL454616,72.44,CN(c1cccc(c1)C(=O)Nc2ccc(C)c(NC(=O)c3ccc4ncccc4c3)c2)S(=O)(=O)C,0.37111085787565035
568,CHEMBL552513,3.0,O[C@@H]1CNC[C@H]1N2C=Cc3c(NC(=O)Cc4ccc(F)c(c4)C(F)(F)F)cccc3C2=O,-0.9220201463402271
569,CHEMBL655,121.0,Cc1ncc2CN=C(c3ccccc3F)c4cc(Cl)ccc4n12,1.2754086914690117
570,CHEMBL1934415,8.0,C[C@H](NC(=O)c1c(C)nn(C2CCCCC2)c1NS(=O)(=O)c3ccc(C)cc3)C(C)(C)C,-0.8289087549076323
571,CHEMBL29609,13.49,Cc1cc(CCCOc2c(C)cc(cc2C)c3noc(n3)C(F)(F)F)on1,-0.7266724471146431
572,CHEMBL1490317,141.25,Cc1onc(NC(=O)CSc2nc(C)cc(C)n2)c1,1.652509826771021
573,CHEMBL1290183,3.0,Clc1cccc(CN2CCC3(CC2)CCN(CC3)C(=O)c4ccccc4)c1,-0.9220201463402271
574,CHEMBL1916532,138.04,COc1ccc2ncc(F)c(CCN3CCC(CC3)NCc4cc5OCCOc5cn4)c2n1,1.592732313471295
575,CHEMBL1934419,4.0,C[C@H](NC(=O)c1c(C)nn(C2CCS(=O)(=O)CC2)c1NS(=O)(=O)c3ccc(C)cc3)C(C)(C)C,-0.9033978680537081
576,CHEMBL2326623,28.0,COc1cccc2c1c(NS(=O)(=O)c3ccc(Cl)s3)nn2Cc4cccc(CNC(=O)[C@H]5COCCN5)c4,-0.4564631891772528
577,CHEMBL2137199,12.3,OC(c1ccc(c(F)c1)c2ccc(CN3CCN(Cc4ccncc4)CC3)cc2)(C(F)(F)F)C(F)(F)F,-0.7488329582756007
578,CHEMBL2069623,150.0,Nc1ncnc2c1c(COc3cccc(Cl)c3)nn2C4CCOCC4,1.815454761778062
579,CHEMBL2331750,20.42,CC1=CN([C@H]2CCCN(C2)S(=O)(=O)c3ccc(O)c(Oc4ccc(Cl)c(C)c4)c3)C(=O)NC1=O,-0.5976200585890665
580,CHEMBL1807823,9.0,O[C@@H](CNCCSCCCNCCc1ccccc1)c2ccc(O)c3NC(=O)Sc23,-0.8102864766211133
581,CHEMBL583042,12.88,Cc1cnc(Nc2ccc(F)cc2Cl)nc1c3c[nH]c(c3)C(=O)N[C@H](CO)c4cccc(Cl)c4,-0.7380320368694196
582,CHEMBL1916082,47.91,CCC(CC)NC(=O)c1cnn(c1NS(=O)(=O)c2ccc(C)cc2)c3ccccc3,-0.08569362849266009
583,CHEMBL1743245,51.0,Cc1ccccc1N=Nc2ccc(NC(=O)c3ccnn3C)c(C)c2,-0.028150788587316393
584,CHEMBL266195,150.0,CC(C)NCC(O)COc1ccccc1CC=C,1.815454761778062
585,CHEMBL1389370,26.3,CCN(CC)CCNc1ncnc2c1sc3nc(N4CCOCC4)c5CCCCc5c23,-0.48812106226433505
586,CHEMBL550175,63.1,C[C@@H]1CN(CCN1S(=O)(=O)c2ccc(cc2Cl)C(=O)N)c3ccc(F)cc3C(F)(F)F,0.1971787786795632
587,CHEMBL2180273,117.49,CCOC(=O)C1=C(C)NC2=C(C1c3ccc(cc3)c4ccccc4)C(=O)CC(C)(C)C2,1.21004449468333
588,CHEMBL1290184,10.2,Cc1cccc(CN2CCC3(CC2)CCN(CC3)C(=O)c4ccccc4)c1,-0.7879397426772905
589,CHEMBL255536,26.0,COc1ccc(CC(=O)NC(N\C(=N\C#N)\Nc2ccccc2C)C(C)(C)C)cc1OC,-0.49370774575029075
590,CHEMBL1951575,6.0,CC(C)(C)NC(=O)c1ccc(Oc2cc(F)c(CC(=O)O)cc2Cl)c(NS(=O)(=O)c3ccc(cc3Cl)C4CC4)c1,-0.8661533114806702
591,CHEMBL334167,17.38,CN1SC(=O)c2cc(ccc12)S(=O)(=O)N,-0.6542317845800844
592,CHEMBL423,12.0,CC(C)NCC(O)COc1ccc(CCOCC2CC2)cc1,-0.7544196417615564
593,CHEMBL210887,85.11,OCCCn1c(NC(=O)c2cccc(c2)[N+](=O)[O-])nc3ccccc13,0.6070551237658458
594,CHEMBL235392,9.0,Clc1ccc(CN2CC3CNCC(C2)O3)cc1C(=O)NCC45CC6CC(CC(C6)C4)C5,-0.8102864766211133
595,CHEMBL1689133,3.0,C[C@H](Oc1ccc(Cl)cc1CN2CCN([C@@H](C)C2)C(=O)Cc3ccc(Cl)cc3)C(=O)O,-0.9220201463402271
596,CHEMBL2152523,12.02,C1CCN(CC1)[C@@H]([C@H](N2CCCCC2)c3ccccc3)c4ccccc4,-0.754047196195826
597,CHEMBL469727,34.5,COCc1ccoc1C(=O)N(C(C(=O)NC[C@@H](C)O)c2ccccc2F)c3ccc(OC)cc3OC,-0.33541838031487947
598,CHEMBL422648,69.18,CC1SC2=C(C(=O)O)C(=O)c3cc(F)c(cc3N12)N4CCN(CC5=C(C)OC(=O)O5)CC4,0.31040223066159867
599,CHEMBL571,53.7,CC(C(=O)O)c1cccc(c1)C(=O)c2ccccc2,0.02212936278628489
600,CHEMBL841,91.2,CN(C)C(=O)C(CCN1CCC(O)(CC1)c2ccc(Cl)cc2)(c3ccccc3)c4ccccc4,0.7204647985307464
601,CHEMBL1614705,3.0,OCC(=O)N1CCC(CC1)c2[nH]nc(c3ccc(Cl)cc3F)c2c4ccncn4,-0.9220201463402271
602,CHEMBL2158790,3.0,Cc1c(Cl)c(Cl)ccc1OC2CCN(CC3CCN(CC3)[C@@](C)(Cc4ccc(F)cc4)C(=O)O)CC2,-0.9220201463402271
603,CHEMBL1483,83.18,CCCSc1ccc2nc(NC(=O)OC)[nH]c2c1,0.5711141266728643
604,CHEMBL1587607,150.0,Clc1ccccc1NC(=O)c2cc[nH]n2,1.815454761778062
605,CHEMBL1340633,31.62,COc1cc(ccc1Nc2ccccc2C(=O)O)c3ccc(Nc4ccccc4C(=O)O)c(OC)c3,-0.3890505417800541
606,CHEMBL426658,14.79,Clc1cccc(c1)c2cnc3ccc(NC4CCOCC4)nn23,-0.7024634853421684
607,CHEMBL2169920,22.0,Oc1ccc(CCNCCN(C2CCCCC2)C(=O)CCNCCc3ccc(Cl)c(Cl)c3)c4OCC(=O)Nc14,-0.5681968588963666
608,CHEMBL837,23.99,CCc1c2CN3C(=O)C4=C(C=C3c2nc5ccc(O)cc15)[C@@](O)(CC)C(=O)OC4,-0.5311385251061939
609,CHEMBL1770475,150.0,CSCCC(NC(=O)c1ccccc1)c2nc3ccccc3n2Cc4ccc(cc4)C#N,1.815454761778062
610,CHEMBL171951,3.0,CCCS(=O)(=O)N1N=Cc2cc(Cl)ccc2B1O,-0.9220201463402271
611,CHEMBL1800659,150.0,CCCCN(CCNCCc1ccc(O)c2NC(=O)Sc12)C(=O)CCOCCc3ccccc3,1.815454761778062
612,CHEMBL2046990,123.03,Nc1ccc(cc1)c2ccccc2Cl,1.3132119163906453
613,CHEMBL1455229,150.0,O=C(NCc1cccnc1)c2cc(on2)c3occc3,1.815454761778062
614,CHEMBL1204759,21.47,Cc1nn(c(NC(=O)NS(=O)(=O)c2ccc(Cl)cc2)c1C#N)c3ccccc3,-0.5780666663882217
615,CHEMBL554,91.2,CS(=O)(=O)CCNCc1oc(cc1)c2ccc3ncnc(Nc4ccc(OCc5cccc(F)c5)c(Cl)c4)c3c2,0.7204647985307464
616,CHEMBL443,3.0,Cc1onc(NS(=O)(=O)c2ccc(N)cc2)c1,-0.9220201463402271
617,CHEMBL898,10.23,OC(=O)c1cc(ccc1O)c2ccc(F)cc2F,-0.7873810743286949
618,CHEMBL1890087,144.54,CC(C)Nc1nc(NCc2ccccc2)c3sccc3n1,1.7137771223336682
619,CHEMBL1779512,8.0,COC[C@@H](O)CN1C(=O)C=NN(C1=O)c2ccc(Cl)c(c2)C(=O)NCC3(O)CCCCCC3,-0.8289087549076323
620,CHEMBL137,3.0,Cc1ncc([N+](=O)[O-])n1CCO,-0.9220201463402271
621,CHEMBL2179269,3.39,C[C@@H](N1CCC[C@@H](C1)N2C=C(C)C(=O)NC2=O)c3ccc(C(=O)O)c(Oc4cccc(Cl)c4)c3,-0.9147574578084847
622,CHEMBL1367530,150.0,Cc1ccc(cc1)c2oc(SCC(=O)N3CCN(CC3)c4ccccc4)nn2,1.815454761778062
623,CHEMBL113,3.0,CN1C(=O)N(C)c2ncn(C)c2C1=O,-0.9220201463402271
624,CHEMBL1766793,20.89,CC(C)S(=O)(=O)c1ccc(cc1)c2cnc(N)c(n2)C(=O)Nc3ccccc3,-0.5888675877944027
625,CHEMBL1944690,42.0,O[C@@H](CNCCc1cccc(CNCCc2ccccc2Cl)c1)c3ccc(O)c4NC(=O)Sc34,-0.19575129316598716
626,CHEMBL1921944,67.0,C[C@@](N1CCCCC1)(C(=O)O[C@H]2C[N+]3(CC(=O)Nc4cccc(F)c4)CCC2CC3)c5ccccc5,0.2698056639969872
627,CHEMBL464552,21.88,CNC(=O)c1c(F)cccc1Nc2nc(Nc3cc4N(CCc4cc3OC)C(=O)CN(C)C)nc5[nH]ccc25,-0.5704315322907489
628,CHEMBL562698,7.2,Clc1c(ccnc1N2CCNCC2)C(=O)NCC34CC5CC(CC(C5)C3)C4,-0.8438065775368474
629,CHEMBL2031562,23.44,Nc1cc(cc(c1)C(F)(F)F)C(=O)Nc2cccc(c2)c3nnn[nH]3,-0.5413807781637793
630,CHEMBL1431736,5.25,CC(NC(=O)c1cc(O)nc2ccccc12)c3ccccc3,-0.8801200201955595
631,CHEMBL324875,150.0,Cc1ccc(CCOCCNS(=O)(=O)CCCNCCc2ccc(O)c3nc(O)sc23)cc1,1.815454761778062
632,CHEMBL408,150.0,Cc1c(C)c2OC(C)(COc3ccc(CC4SC(=O)NC4=O)cc3)CCc2c(C)c1O,1.815454761778062
633,CHEMBL1934414,8.0,C[C@H](NC(=O)c1c(C)nn(C2CCCC2)c1NS(=O)(=O)c3ccc(C)cc3)C(C)(C)C,-0.8289087549076323
634,CHEMBL1916280,17.32,CCC(C)NC(=O)c1c(C)nn(c1NS(=O)(=O)c2ccc(C)cc2)c3ccccc3,-0.6553491212772754
635,CHEMBL782,6.61,CCCCNC(=O)NS(=O)(=O)c1ccc(C)cc1,-0.8547937217258936
636,CHEMBL1857945,23.99,CN(C)CCNc1cc(nc2cc(nn12)c3ccc(F)cc3)c4ccccc4,-0.5311385251061939
637,CHEMBL111732,150.0,CN(CCN(C)C(=O)CCOCCc1ccccc1)CCc2ccc(O)c3nc(O)sc23,1.815454761778062
638,CHEMBL1300857,150.0,Cc1[nH]c2ccc(cc2c1C)c3oc(SCC(=O)N4CCCc5ccccc45)nn3,1.815454761778062
639,CHEMBL1689109,3.0,OC(=O)COc1ccc(Cl)cc1CN2CCN(CC2)S(=O)(=O)c3ccccc3,-0.9220201463402271
640,CHEMBL244936,3.8,CC(C)N1CCC[C@H](CN2C(=Nc3ccc(cc3C2=O)c4ccc(Cl)cc4)C)C1,-0.907122323711012
641,CHEMBL1478592,150.0,Cc1c(sc2ncnc(O)c12)C(=O)Nc3ccccc3,1.815454761778062
642,CHEMBL914,3.0,CC(C)(C(=O)O)c1ccc(cc1)C(O)CCCN2CCC(CC2)C(O)(c3ccccc3)c4ccccc4,-0.9220201463402271
643,CHEMBL112,10.8,CC(=O)Nc1ccc(O)cc1,-0.7767663757053792
644,CHEMBL100979,21.38,Cc1nc2ccccn2c1c3ccnc(N)n3,-0.5797426714340084
645,CHEMBL672,54.0,CC(C)OC(=O)C(C)(C)Oc1ccc(cc1)C(=O)c2ccc(Cl)cc2,0.02771604627224053
646,CHEMBL1916263,7.0,CCC(CC)NC(=O)c1cn(nc1NS(=O)(=O)c2ccc(C)cc2)c3ccccc3,-0.8475310331941512
647,CHEMBL2171169,26.92,CC(C)N(CCCNC(=O)Nc1ccc(cc1)C(C)(C)C)C[C@H]2O[C@H]([C@H](O)[C@@H]2O)n3cnc4c(N)ncnc34,-0.47657524972669324
648,CHEMBL257830,19.6,NS(=O)(=O)NC(=O)CCCc1c([nH]c2ccc(cc12)C#N)c3ccc(F)cc3,-0.6128903267840121
649,CHEMBL33,3.0,C[C@H]1COc2c(N3CCN(C)CC3)c(F)cc4C(=O)C(=CN1c24)C(=O)O,-0.9220201463402271
650,CHEMBL1807829,19.44,O[C@@H](CNCCSCCCNCCc1cccc(Cl)c1Cl)c2ccc(O)c3NC(=O)Sc23,-0.6158698913098553
651,CHEMBL2035019,150.0,NC1(CCC1)c2ccc(cc2)c3nn4ccnc4cc3c5ccccc5,1.815454761778062
652,CHEMBL1088752,6.31,Cc1c(F)cc(cc1c2ccc(cn2)C(=O)NCC(C)(C)C)C(=O)NC3CC3,-0.8603804052118493
653,CHEMBL2158782,3.87,Cc1cc(OC2CCN(CC3CCN(CC3)[C@@H](Cc4ccc(F)cc4)C(=O)O)CC2)ccc1Cl,-0.9058187642309556
654,CHEMBL1201753,7.11,O[C@H](C[C@H](O)\C=C\c1c(nc2ccccc2c1c3ccc(F)cc3)C4CC4)CC(=O)O,-0.8454825825826342
655,CHEMBL2158827,9.0,OC(=O)Cc1ccc(cc1)N2CCC(CN3CCC(CC3)Oc4ccc(Cl)c(Cl)c4)CC2,-0.8102864766211133
656,CHEMBL370492,102.33,CCc1nc2cc(O)ccc2c(Oc3ccc(\C=C\C(=O)O)cc3)c1c4ccccc4,0.9277307558597025
657,CHEMBL1944693,29.0,COc1ccccc1CCNCc2cccc(CCNC[C@H](O)c3ccc(O)c4NC(=O)Sc34)c2,-0.4378409108907338
658,CHEMBL1956163,150.0,O=C(Nc1cccc2cccnc12)[C@@H]3CC[C@H](CC3)N4C(=O)[C@@H]5[C@@H]6CC[C@@H](C6)[C@@H]5C4=O,1.815454761778062
659,CHEMBL1761322,3.0,CCS(=O)(=O)CCCC12CCC(CC1)(CC2)c3nnc(c4ccccc4C(F)(F)F)n3C,-0.9220201463402271
660,CHEMBL2181753,18.2,CCN(Cc1cc(ccc1c2cc(CC(=O)O)ccc2OC)C(F)(F)F)C(=O)NCc3ccccc3,-0.6389615163851387
661,CHEMBL1689114,5.0,OC(=O)COc1ccc(Cl)cc1CN2CCCN(CC2)S(=O)(=O)c3ccccc3,-0.8847755897671892
662,CHEMBL585640,150.0,CCn1c(SCC(=O)Nc2cccc(C)c2)nnc1c3ccccc3,1.815454761778062
663,CHEMBL1922660,6.92,CCOc1ccc(cn1)c2ccc(Cn3c(CC(C)(C)C(=O)O)c(SC(C)(C)C)c4cc(OCc5ccc(C)cn5)ccc34)cc2,-0.8490208154570728
664,CHEMBL406,13.18,CC1Cc2ccccc2N1NC(=O)c3ccc(Cl)c(c3)S(=O)(=O)N,-0.732445353383464
665,CHEMBL412142,108.0,Cc1c[nH]c(n1)c2cnc(NCCNc3ccc(cn3)C#N)nc2c4ccc(Cl)cc4Cl,1.033319073744265
666,CHEMBL2179279,117.49,CCC(C)(C)C[C@@H](N1CCC[C@@H](C1)N2C=C(C)C(=O)NC2=O)c3ccc(C(=O)O)c(Oc4cccc(Cl)c4)c3,1.21004449468333
667,CHEMBL1322390,150.0,COc1ccc2nc(NC(=O)CCc3ccc(OC)c(OC)c3)sc2c1,1.815454761778062
668,CHEMBL33899,107.15,CC\C(=C(/c1ccccc1)\c2ccc(\C=C\C(=O)O)cc2)\c3ccccc3,1.0174901372007241
669,CHEMBL1689128,3.0,C[C@H]1CN(Cc2cc(Cl)ccc2OCC(=O)O)CCN1C(=O)Cc3ccc(Cl)cc3,-0.9220201463402271
670,CHEMBL2110732,9.77,COc1cc2ncnc(Nc3ccc(F)c(Cl)c3)c2cc1NC(=O)\C=C\CN4CCCCC4,-0.7959473223404937
671,CHEMBL272842,28.0,OCc1ccc(OC2CCN(CC3CCN(CC3)[C@@H](Cc4ccccc4)C(=O)O)CC2)cc1Cl,-0.4564631891772528
672,CHEMBL1531981,66.07,Cc1oc(cc1C(=O)Nc2cccc(c2)C(=O)O)c3ccccc3,0.2524869451905244
673,CHEMBL174107,70.79,CSc1ccc(cc1)N2C(=NC(=NC2(C)C)N)N,0.3403840987028942
674,CHEMBL2031467,3.0,CCNC(=O)c1ccc(C)c(c1)N2C=Nc3ccc(cc3C2=O)N4CCN(C)CC4,-0.9220201463402271
675,CHEMBL1290353,22.91,CCC(NC(=O)Nc1cc(Cl)ccc1Cl)(C(F)(F)F)C(F)(F)F,-0.5512505856556343
676,CHEMBL2172000,8.13,C[C@@H]1CN(CCN1C(=O)[C@@H]2CCCC[C@H]2C(=O)NC3(CC3)C#N)c4ccc5c(C)nn(C)c5c4,-0.8264878587303848
677,CHEMBL1934426,3.0,C[C@H](NC(=O)c1c(C)nn(C2CCOCC2)c1NS(=O)(=O)c3ccc(cc3)C4CC4)C(C)(C)C,-0.9220201463402271
678,CHEMBL1231533,4.17,FC1(F)Oc2ccc(\C=C\3/SC(=O)NC3=O)cc2O1,-0.9002320807449999
679,CHEMBL379866,3.0,CC(C)c1nnc2ccc(cn12)c3ocnc3c4cc(F)ccc4F,-0.9220201463402271
680,CHEMBL190,5.75,CN1C(=O)N(C)c2nc[nH]c2C1=O,-0.8708088810522999
681,CHEMBL1975242,150.0,O=C(Nc1nc2C(=O)NC=Nc2s1)c3ccccc3,1.815454761778062
682,CHEMBL2089383,42.66,COc1ccc(NC(=O)C=C)cc1,-0.1834605894968847
683,CHEMBL278390,10.96,OC(=O)c1cc2ccccc2[nH]1,-0.7737868111795361
684,CHEMBL1962788,3.0,Clc1ccccc1N2NC3=CC(=O)N4CCCN(Cc5ccccc5)CC4=C3C2=O,-0.9220201463402271
685,CHEMBL1770471,150.0,CSCCC(NC(=O)c1sccc1Cl)c2nc3ccccc3[nH]2,1.815454761778062
686,CHEMBL2207654,3.0,O[C@H](CNC(=O)C1=CNC(=O)c2cc(ccc12)S(=O)(=O)N3CCC3)CN4CCC(CC4)Oc5ccc(Cl)c(Cl)c5,-0.9220201463402271
687,CHEMBL1934413,17.0,C[C@H](NC(=O)c1c(C)nn(C2CCC2)c1NS(=O)(=O)c3ccc(C)cc3)C(C)(C)C,-0.6613082503289615
688,CHEMBL402501,43.0,C[C@H](Cc1cccc(CC(=O)NC23CC4CC(CC(C4)C2)C3)c1)NC[C@H](O)c5ccc(O)c(CO)c5,-0.1771290148794682
689,CHEMBL193544,11.0,CN1CCC(CC1)Oc2cccc3ncnc(Nc4ccc(OCc5ccccn5)c(Cl)c4)c23,-0.7730419200480754
690,CHEMBL128,8.0,CNS(=O)(=O)Cc1ccc2[nH]cc(CCN(C)C)c2c1,-0.8289087549076323
691,CHEMBL2164850,150.0,O=C(NC1=CC(=CNC1=O)c2ccncc2)[C@H](Cc3ccccc3)NC4(CC4)c5ccccn5,1.815454761778062
692,CHEMBL1830707,36.31,C1Cc2n[nH]cc2c3nc(Nc4ccccn4)sc3C1,-0.3017120566162801
693,CHEMBL513412,87.0,COc1ccc(N(C(C(=O)NC[C@@H](C)O)c2ccccc2F)C(=O)c3occc3C)c(OC)c1,0.6422512297273667
694,CHEMBL1783119,13.8,COc1ccc(cc1)C(=O)NCc2cn(nn2)c3cc(C)nc4ccc(OC)cc34,-0.7208995408458223
695,CHEMBL1645135,13.18,C[C@H](NC(=O)c1cccc2CCN(Cc3ccc(Cl)cc3)c12)c4ccc(cc4)C(=O)O,-0.732445353383464
696,CHEMBL256668,42.0,C[C@H](CO)Nc1nc(SCc2cccc(F)c2F)nc3NC(=O)C=Nc13,-0.19575129316598716
697,CHEMBL564607,3.0,OC(=O)c1ccc(cc1)c2ccc(Cl)c(c2)C(=O)NCC34CC5CC(CC(C5)C3)C4,-0.9220201463402271
698,CHEMBL1778644,4.24,CCS(=O)(=O)c1ccc(c(F)c1)c2cc(Cl)ccc2OCC(=O)O,-0.8989285212649436
699,CHEMBL956,16.0,CC(C(=O)O)c1ccc(cc1)C(=O)c2cccs2,-0.6799305286154804
700,CHEMBL1916274,12.0,Cc1ccc(cc1)S(=O)(=O)Nc2c(C(=O)NC3CCCCC3)c(C)nn2c4ccccc4,-0.7544196417615564
701,CHEMBL2158774,3.0,Cc1ccc(C[C@H](N2CCC(CN3CCC(CC3)Oc4ccc(Cl)c(Cl)c4)CC2)C(=O)O)cc1,-0.9220201463402271
702,CHEMBL2170985,14.45,Nc1ncnc2c1ncn2[C@@H]3O[C@H](CSCCCNC(=O)NCc4ccccc4)[C@@H](O)[C@H]3O,-0.7087950599595848
703,CHEMBL2011441,3.0,COc1nc(Br)cnc1NS(=O)(=O)c2ccc(Cl)s2,-0.9220201463402271
704,CHEMBL2170989,28.18,Nc1ncnc2c1ncn2[C@@H]3O[C@H](CSCCCNC(=O)Nc4ccccc4)[C@@H](O)[C@H]3O,-0.4531111790856794
705,CHEMBL359864,35.48,Oc1nc2ccccc2n1C3CCN(Cc4ccc(cc4)c5nc6ccccc6cc5c7ccccc7)CC3,-0.3171685475940909
706,CHEMBL60066,149.0,[O-][n+]1cc(ccc1Cl)C(=O)Nc2ccc(F)cc2,1.796832483491543
707,CHEMBL1807870,12.0,O[C@@H](CNCCCSCCNCCc1ccccc1Cl)c2ccc(O)c3NC(=O)Sc23,-0.7544196417615564
708,CHEMBL1643200,31.0,Cc1cc(CN2Cc3ccccc3C[C@H]2C(=O)Nc4ccc(Cl)cc4Cl)ccc1OCC(=O)O,-0.40059635431769586
709,CHEMBL2163360,3.0,O=C(NC1(CC1)C#N)[C@@H]2CCCC[C@H]2C(=O)N3CCc4[nH]c5ncccc5c4C3,-0.9220201463402271
710,CHEMBL1874317,150.0,Fc1cccc(F)c1C(=O)OC(CNc2ncc(cc2Cl)C(F)(F)F)CC#N,1.815454761778062
711,CHEMBL260091,38.9,C[C@@H](O)[C@H](NC(=O)c1ccc(cc1)C#Cc2ccc(CN3CCOCC3)cc2)C(=O)NO,-0.253480355854196
712,CHEMBL645,25.12,CC(C)NCC(O)COc1ccc(COCCOC(C)C)cc1,-0.5100953506424274
713,CHEMBL855,84.0,Cc1ccc(cc1)\C(=C/CN2CCCC2)\c3ccccn3,0.5863843948678097
714,CHEMBL1921926,66.0,C[C@@](N1CCCCC1)(C(=O)O[C@H]2C[N+]3(CCCc4ccc5ncsc5c4)CCC2CC3)c6ccccc6,0.2511833857104682
715,CHEMBL372052,21.3,C[C@@H](C(=O)O)c1cccc(c1)C(=O)c2ccccc2,-0.5812324536969299
716,CHEMBL2181926,104.71,CCOC(=O)C1=C(C)NC(=C([C@H]1c2cccc3C(=O)C=C(C)Oc23)C(=O)C)C,0.9720517781816176
717,CHEMBL481,3.0,CCc1c2CN3C(=O)C4=C(C=C3c2nc5ccc(OC(=O)N6CCC(CC6)N7CCCCC7)cc15)[C@@](O)(CC)C(=O)OC4,-0.9220201463402271
718,CHEMBL1094168,35.48,CS(=O)(=O)c1ccc(cc1)[C@H](CC2CCCC2)C(=O)Nc3nccs3,-0.3171685475940909
719,CHEMBL2070137,24.55,CCS(=O)(=O)c1ccc2[nH]c(nc2c1)c3cccc(c3)c4ccccc4,-0.5207100492657433
720,CHEMBL1405928,91.0,C(Sc1nc2cccnc2[nH]1)c3ccccc3,0.7167403428734426
721,CHEMBL1934422,3.0,C[C@H](NC(=O)c1c(C)nn(C2CCOCC2)c1NS(=O)(=O)c3ccc(C)cc3)C(C)(C)C,-0.9220201463402271
722,CHEMBL244521,29.51,CC(C)N1CCC[C@H](CN2C(=O)c3cc(ccc3N=C2C(C)C)c4ccc(F)cc4)C1,-0.42834354896460913
723,CHEMBL93484,3.0,CC1N=C(N)N=C(N)N1c2ccc(Cl)cc2,-0.9220201463402271
724,CHEMBL1213082,23.99,Cc1ccccc1N2C(=Nc3cccc(C)c3C2=O)Cn4cnc5c(N)ncnc45,-0.5311385251061939
725,CHEMBL153064,150.0,CC(=O)C1=Cc2ccc(O)cc2OC1=O,1.815454761778062
726,CHEMBL560241,57.0,Cc1cc(n[nH]1)c2ccc(Cl)c(c2)C(=O)NCC3(O)CCCCCC3,0.08358288113179745
727,CHEMBL1096435,20.89,CS(=O)(=O)c1ccc(cc1)[C@@H](CC2CCCC2)C(=O)Nc3nccs3,-0.5888675877944027
728,CHEMBL394859,6.0,Clc1ccc(CNc2nc(nc3ncccc23)N4CCN(CC4)C(=O)[C@@H]5CCCN5)c(Cl)c1,-0.8661533114806702
729,CHEMBL2036958,42.66,CC1(CCCC2=CC(=O)OC3=C2C(=O)NC(=O)N3)CC1,-0.1834605894968847
730,CHEMBL1916289,5.01,C[C@H](NC(=O)c1c(C)nn(c1NS(=O)(=O)c2ccc(cc2)C(F)(F)F)c3ccc(F)cc3)C(C)(C)C,-0.884589366984324
731,CHEMBL1916279,18.0,Cc1ccc(cc1)S(=O)(=O)Nc2c(C(=O)NCC(C)(C)C)c(C)nn2c3ccccc3,-0.6426859720424425
732,CHEMBL1164033,12.88,CN(C)CCOc1cc(NS(=O)(=O)c2c(Cl)cc(cc2Cl)C(F)(F)F)ccc1Cl,-0.7380320368694196
733,CHEMBL2062774,8.13,CCOc1noc2cc(OCCC3CCN(CC3)c4ccc(C)nn4)ccc12,-0.8264878587303848
734,CHEMBL103667,69.18,Cc1ccc(cc1)n2nc(cc2NC(=O)Nc3ccc(OCCN4CCOCC4)c5ccccc35)C(C)(C)C,0.31040223066159867
735,CHEMBL1172,26.92,Clc1ccc2C(=C3CCNCC3)c4ncccc4CCc2c1,-0.47657524972669324
736,CHEMBL1472189,12.88,COc1ccc(CC(=O)Nc2nc3ccccc3[nH]2)cc1,-0.7380320368694196
737,CHEMBL2021706,23.99,CCC[C@@H](CNC(=O)c1nc(Cl)c(N)nc1N)[N+](C)(C)CCCc2ccc(OC)cc2,-0.5311385251061939
738,CHEMBL1345333,111.0,N(c1ccccc1)c2[nH]nnc2c3ccccc3,1.089185908603822
739,CHEMBL1829876,74.13,CN(CC(=O)N(Cc1ccc(cc1)C2CCCCC2)c3ccc(C(=O)O)c(O)c3)S(=O)(=O)c4c(F)c(F)c(F)c(F)c4F,0.4025825081798674
740,CHEMBL81,30.0,Oc1ccc(cc1)c2sc3cc(O)ccc3c2C(=O)c4ccc(OCCN5CCCCC5)cc4,-0.4192186326042148
741,CHEMBL168899,7.94,OB1N(C(=O)Nc2ccccc12)c3ccccc3,-0.8300260916048234
742,CHEMBL1421,28.18,Cc1nc(Nc2ncc(s2)C(=O)Nc3c(C)cccc3Cl)cc(n1)N4CCN(CCO)CC4,-0.4531111790856794
743,CHEMBL110999,150.0,CN(CCCOCCOCCc1ccccc1)CCc2ccc(O)c3nc(O)sc23,1.815454761778062
744,CHEMBL203567,3.0,Nc1c(cnn1c2ccc(F)cc2)C(=O)c3cccc(OC[C@@H](O)CO)c3,-0.9220201463402271
745,CHEMBL1397672,3.0,CC1=C(Cc2ccccc2)C(=O)n3nc(NCc4cccc(Br)c4)nc3N1,-0.9220201463402271
746,CHEMBL1916083,64.0,CNC(=O)c1cnn(c1NS(=O)(=O)c2ccc(C)cc2)c3ccccc3,0.21393882913743026
747,CHEMBL1082,3.0,CC1(C)S[C@@H]2[C@H](NC(=O)[C@H](N)c3ccc(O)cc3)C(=O)N2[C@H]1C(=O)O,-0.9220201463402271
748,CHEMBL1762530,31.62,CN(c1ccnc(Nc2cc(cc(c2)N3CCOCC3)N4CCOCC4)n1)c5cc(CO)ccc5C,-0.3890505417800541
749,CHEMBL2062583,12.3,CC(=O)Nc1ccc2c(c1)c(cn2CCCO)c3cc(NC4CC4)n5ncc(C#N)c5n3,-0.7488329582756007
750,CHEMBL2048865,5.13,N[C@@H]1CCCN(C1)c2ccccc2\C=C\3/SC(=O)NC3=O,-0.8823546935899417
751,CHEMBL106309,150.0,OC(=O)CCCCCCc1ccc(Cc2ccc3ccccc3n2)cc1,1.815454761778062
752,CHEMBL2179285,19.05,CC1=CN([C@H]2CCCN(C2)[C@H](CC3CCOCC3)c4ccc(C(=O)O)c(Oc5cccc(Cl)c5)c4)C(=O)NC1=O,-0.6231325798415976
753,CHEMBL259081,19.95,O=C1N=C(NCc2ccccc2)SN1Cc3ccccc3,-0.6063725293837304
754,CHEMBL130,69.18,OC[C@@H](NC(=O)C(Cl)Cl)[C@H](O)c1ccc(cc1)[N+](=O)[O-],0.31040223066159867
755,CHEMBL1669170,123.03,O=C(CN1CCOCC1)Nc2ccc(cc2c3ccccc3)c4cccc5C(=O)C=C(Oc45)N6CCOCC6,1.3132119163906453
756,CHEMBL284275,3.63,COc1ccc(Cc2c(N)n[nH]c2N)cc1,-0.9102881110197202
757,CHEMBL1956129,3.0,C[C@@](CCc1ccc(cc1)c2ccc(Cl)cc2)(C(=O)NO)S(=O)(=O)C,-0.9220201463402271
758,CHEMBL9967,6.76,CN1CCN(CC(=O)N2c3ccccc3C(=O)Nc4cccnc24)CC1,-0.8520003799829158
759,CHEMBL2158773,3.0,Cc1cccc(C[C@H](N2CCC(CN3CCC(CC3)Oc4ccc(Cl)c(Cl)c4)CC2)C(=O)O)c1,-0.9220201463402271
760,CHEMBL271023,150.0,[O-][S+](c1ccccc1)c2ccc3nnnn3n2,1.815454761778062
761,CHEMBL2179283,52.48,CCCC(C)(C)C[C@@H](N1CCC[C@@H](C1)N2C=C(C)C(=O)NC2=O)c3ccc(C(=O)O)c(Oc4cccc(Cl)c4)c3,-0.0005898167232683683
762,CHEMBL1945037,19.0,O[C@@H](CNCCc1cccc(CNCCCc2ccccc2)c1)c3ccc(O)c4NC(=O)Sc34,-0.6240636937559235
763,CHEMBL6966,104.71,COc1ccc(CCN(C)CCCC(C#N)(C(C)C)c2ccc(OC)c(OC)c2)cc1OC,0.9720517781816176
764,CHEMBL1829174,10.0,Cc1cc(OCCCS(=O)(=O)C)cc(C)c1c2cccc(COc3ccc4[C@H](CC(=O)O)COc4c3)c2,-0.7916641983345943
765,CHEMBL2098332,150.0,Cc1cc(OCC(=O)Nc2ccccc2)c3cc(Br)ccc3n1,1.815454761778062
766,CHEMBL2361207,18.2,COc1ccc(cc1)C#Cc2ccc(cc2)[C@@H]3[C@H](CO)N4CCCCN(C[C@@H]34)C(=O)Nc5cccc(F)c5,-0.6389615163851387
767,CHEMBL1465276,46.77,O=C(C1CCN(CC1)c2nnc(s2)n3cccc3)N4CCc5ccccc5C4,-0.10692302573929159
768,CHEMBL1829783,64.57,C[C@H](N1CC[C@](CCO)(OC1=O)c2ccc(F)cc2)c3ccc(cc3)c4ccc(F)cc4F,0.22455352776074597
769,CHEMBL2158779,3.0,OC(=O)[C@H](Cc1ccc(F)cc1)N2CCC(CN3CCC(CC3)Oc4ccc(Cl)cc4Cl)CC2,-0.9220201463402271
770,CHEMBL1916266,9.95,CCC(CC)NC(=O)c1cnn(c1NS(=O)(=O)c2ccc(C)cc2)c3ccccn3,-0.7925953122489202
771,CHEMBL1628691,150.0,Clc1cccc(c1Cl)n2nnnc2NCc3ccccc3Oc4ccccn4,1.815454761778062
772,CHEMBL112273,117.49,Nc1ccc2c(c3ccncc3)c([nH]c2n1)c4ccc(F)cc4,1.21004449468333
773,CHEMBL1439884,150.0,CCCCn1c(SCC(=O)Nc2cc(C)on2)nnc1c3occc3,1.815454761778062
774,CHEMBL2347404,44.67,Fc1cccc(COc2ccc(Nc3ncnc4ccc(cc34)c5cccc(c5)N6CCOCC6)cc2Cl)c1,-0.14602981014098146
775,CHEMBL1916285,10.0,C[C@H](NC(=O)c1c(C)nn(c1NS(=O)(=O)c2cccc(CN3CCOCC3)c2)c4ccccc4)C(C)(C)C,-0.7916641983345943
776,CHEMBL1924034,16.0,CN(C)C(C)(C(=O)OC1CC[N+](C)(C)CC1)c2ccccc2,-0.6799305286154804
777,CHEMBL406852,10.47,COc1nc(N)nc2c1ncn2[C@@H]3O[C@H](CO)[C@@H](O)[C@H]3O,-0.7829117275399304
778,CHEMBL1963231,119.0,CC(C1CCCC1)(C(=O)O[C@@H]2CC[N+](C)(C)C2)c3ccccc3,1.2381641348959738
779,CHEMBL2017291,3.39,COc1cc2c3N([C@H](C)c4ccccn4)C(=O)Nc3cnc2cc1c5c(C)onc5C,-0.9147574578084847
780,CHEMBL2331751,38.02,CC1=CN([C@H]2CCCN(C2)S(=O)(=O)c3ccc(O)c(Oc4cccc(Br)c4)c3)C(=O)NC1=O,-0.2698679607463326
781,CHEMBL2171278,150.0,Cc1ccc(NC(=O)[C@@H]2CCCN2S(=O)(=O)c3cccc4cccnc34)c(C)c1,1.815454761778062
782,CHEMBL1489611,89.13,Cc1cc(C)cc(c1)c2oc(SCC(=O)N3CCN(CC3)C(=O)c4occc4)nn2,0.681916682477652
783,CHEMBL551984,8.0,O[C@@H]1CCN(C1)c2ccc3c(NC(=O)CNc4cccc(c4)C#N)c(Cl)ccc3n2,-0.8289087549076323
784,CHEMBL2179280,36.31,CCC(CC)C[C@@H](N1CCC[C@@H](C1)N2C=C(C)C(=O)NC2=O)c3ccc(C(=O)O)c(Oc4cccc(Cl)c4)c3,-0.3017120566162801
785,CHEMBL1359777,150.0,Cc1cc(C(=O)CN2C=C(C=CC2=O)C(F)(F)F)c(C)n1Cc3ccccc3,1.815454761778062
786,CHEMBL1346,50.96,NC(=O)C([C@@H]1CCN(CCc2ccc3OCCc3c2)C1)(c4ccccc4)c5ccccc5,-0.028895679718777136
787,CHEMBL1351332,138.04,O=C(NCc1ccccc1)c2cc(on2)c3occc3,1.592732313471295
788,CHEMBL2057372,5.0,CC(C)(C)NS(=O)(=O)c1cncc(c1)c2ccc3nc(NC(=O)NCC(=O)N4CCOCC4)nn3c2,-0.8847755897671892
789,CHEMBL2169919,33.88,CC(C)N(CCCNC(=O)Nc1ccc(cc1)C(C)(C)C)C[C@H]2O[C@H]([C@H](O)[C@@H]2O)n3ccc4c(N)ncnc34,-0.34696419285252117
790,CHEMBL203059,150.0,O=C(Nc1cc(ccn1)c2ccnc(Nc3ccccc3)c2)C4CCOCC4,1.815454761778062
791,CHEMBL1164184,5.5,Fc1cnc(NC(=O)C(CC2CCOCC2)c3ccc(cc3)S(=O)(=O)C4CC4)s1,-0.8754644506239297
792,CHEMBL556680,43.0,O=C(CC12CC3CC(CC(C3)C1)C2)Nc4cccc5C(=O)N(C[C@H]6CCCN6)C=Cc45,-0.1771290148794682
793,CHEMBL1091291,3.0,CCCCCCCC(=O)N[C@@H](CCN)C(=O)N[C@@H]([C@@H](C)O)C(=O)N[C@@H](CCN)C(=O)N[C@H]1CCNC(=O)[C@H](C)NC(=O)[C@H](CCN)NC(=O)[C@H](CCN)NC(=O)[C@H](CC(C)C)NC(=O)[C@@H](Cc2ccccc2)NC(=O)[C@H](CCN)NC1=O,-0.9220201463402271
794,CHEMBL2035033,150.0,NC1(CCC1)c2ccc(cc2)c3c(ccn4ccnc34)c5ccccc5,1.815454761778062
795,CHEMBL1868114,147.91,COCCNc1nc(NCc2ccccc2F)c3sccc3n1,1.7765342001592372
796,CHEMBL1468936,147.91,CCOC(=O)c1c(nc2cc(C)ccn12)c3ccccc3,1.7765342001592372
797,CHEMBL1770297,27.0,CCOc1ccc2oc(C(=O)NC(CCSC)c3nc4ccccc4[nH]3)c(C)c2c1,-0.4750854674637718
798,CHEMBL1645495,50.0,O=C1C=C(Nc2cc(Cc3ccccc3)ccc12)c4cccnc4,-0.04677306687383537
799,CHEMBL1945031,24.0,Cc1cccc2c(CCNCc3cccc(CCNC[C@H](O)c4ccc(O)c5NC(=O)Sc45)c3)c[nH]c12,-0.5309523023233287
800,CHEMBL2179277,48.98,CC1=CN([C@H]2CCCN(C2)[C@H](CC(C)(C)C)c3ccc(C(=O)O)c(Oc4cccc(Br)c4)c3)C(=O)NC1=O,-0.06576779072608478
801,CHEMBL1689117,3.0,OC(=O)COc1ccc(Cl)cc1CN2CCN(CC2)S(=O)(=O)c3ccc(F)cc3,-0.9220201463402271
802,CHEMBL23,150.0,COc1ccc(cc1)[C@@H]2Sc3ccccc3N(CCN(C)C)C(=O)[C@@H]2OC(=O)C,1.815454761778062
803,CHEMBL1900528,135.0,C[N+]1(C)[C@@H]2C[C@H](C[C@H]1[C@@H]3O[C@H]23)OC(=O)C(O)(c4cccs4)c5cccs5,1.5361205874802775
804,CHEMBL1800660,150.0,CCCCN(CCNC[C@H](O)c1ccc(O)c2NC(=O)Sc12)C(=O)CCOCCc3ccccc3,1.815454761778062
805,CHEMBL1770469,74.0,CSCCC(NC(=O)c1cnccn1)c2nc3ccccc3[nH]2,0.40016161200262
806,CHEMBL46740,35.48,Cc1c(c2ccc(O)cc2)n(Cc3ccc(OCCN4CCCCCC4)cc3)c5ccc(O)cc15,-0.3171685475940909
807,CHEMBL574059,6.17,CN1C(=O)C(=Cc2cnc(Nc3ccc(F)cc3)nc12)c4c(Cl)cccc4Cl,-0.862987524171962
808,CHEMBL1916281,7.0,CC(NC(=O)c1c(C)nn(c1NS(=O)(=O)c2ccc(C)cc2)c3ccccc3)C(C)(C)C,-0.8475310331941512
809,CHEMBL1689111,9.0,OC(=O)COc1ccc(Cl)cc1CN2CCN(CC2)S(=O)(=O)Cc3ccccc3,-0.8102864766211133
810,CHEMBL54,14.24,OC1(CCN(CCCC(=O)c2ccc(F)cc2)CC1)c3ccc(Cl)cc3,-0.7127057383997538
811,CHEMBL2031238,3.0,CN1CCN(CC1)c2ccc3N=CN(C(=O)c3c2)c4cc(NC(=O)c5cocc5)ccc4C,-0.9220201463402271
812,CHEMBL565755,74.13,CCOc1ccc2nc(N)sc2c1,0.4025825081798674
813,CHEMBL436826,43.36,CCOc1ccc(cc1)N2C(=O)c3ccccc3N=C2[C@@H](C)N(Cc4cccnc4)C(=O)Cc5ccc(cc5)C(F)(F)F,-0.17042499469632136
814,CHEMBL714,12.0,CC(C)(C)NCC(O)c1ccc(O)c(CO)c1,-0.7544196417615564
815,CHEMBL1689123,4.0,CC[C@H]1CN(Cc2cc(Cl)ccc2OCC(=O)O)CCN1S(=O)(=O)c3ccccc3,-0.9033978680537081
816,CHEMBL473,13.18,CN(CCOc1ccc(NS(=O)(=O)C)cc1)CCc2ccc(NS(=O)(=O)C)cc2,-0.732445353383464
817,CHEMBL2141746,54.95,CCCNC(=O)CSc1ccc(cn1)S(=O)(=O)N2CCCC2,0.04540721064443361
818,CHEMBL1783112,6.76,COc1ccc2nc(C)cc(c2c1)n3cc(CNC(=O)C)nn3,-0.8520003799829158
819,CHEMBL2169908,9.33,C[C@@H]1CN(CCN1C(=O)[C@@H]2CCCC[C@H]2C(=O)NC3(CC3)C#N)c4ccc5c(C)noc5c4,-0.8041411247865621
820,CHEMBL453,3.0,Cc1noc(NS(=O)(=O)c2ccc(N)cc2)c1C,-0.9220201463402271
821,CHEMBL1013,3.0,N[C@@H](C(=O)N[C@H]1[C@H]2CCC(=C(N2C1=O)C(=O)O)Cl)c3ccccc3,-0.9220201463402271
822,CHEMBL376488,14.13,COc1nc2ccc(Br)cc2cc1[C@@H](c3ccccc3)[C@@](O)(CCN(C)C)c4cccc5ccccc45,-0.7147541890112709
823,CHEMBL1916278,14.0,Cc1ccc(cc1)S(=O)(=O)Nc2c(C(=O)NC3CCOCC3)c(C)nn2c4ccccc4,-0.7171750851885185
824,CHEMBL1945041,60.0,O[C@@H](CNCCc1cccc(CNCc2ccccc2Cl)c1)c3ccc(O)c4NC(=O)Sc34,0.13944971599135436
825,CHEMBL1289545,47.0,Cc1nc(cs1)C(=O)N2CCOC3(CCN(Cc4ccc(Cl)cc4)CC3)C2,-0.10263990173339228
826,CHEMBL1865796,150.0,Cc1ccccc1Nc2nc(N)nc(C)c2Br,1.815454761778062
827,CHEMBL205078,150.0,Fc1ccc(Nc2cc(ccn2)c3ccnc(NC(=O)C4CCOCC4)c3)cc1,1.815454761778062
828,CHEMBL1950864,19.95,CN[C@@H](C)C(=O)N[C@@H](C1CCCCC1)C(=O)N[C@H]2C[C@@H]3CC[C@H]2N(CCc4ccccc4)C3,-0.6063725293837304
829,CHEMBL109244,98.0,Oc1ccc(CCNCCCCCCNC(=O)Nc2ccccc2)c3sc(O)nc13,0.8470962908790753
830,CHEMBL564737,12.5,OC(=O)c1ccccc1c2ccc(Cl)c(c2)C(=O)NCC3(O)CCCCCC3,-0.7451085026182969
831,CHEMBL1077827,19.95,CCOc1ccc(cc1)N2C(=O)c3cccnc3N=C2[C@@H](C)N(CC4CCN(C)CC4)C(=O)Cc5ccc(F)c(c5)C(F)(F)F,-0.6063725293837304
832,CHEMBL1807826,6.0,O[C@@H](CNCCSCCCNCCc1cccc(c1)C(F)(F)F)c2ccc(O)c3NC(=O)Sc23,-0.8661533114806702
833,CHEMBL114,150.0,CC(C)(C)NC(=O)[C@@H]1C[C@@H]2CCCC[C@@H]2CN1C[C@@H](O)[C@H](Cc3ccccc3)NC(=O)[C@H](CC(=O)N)NC(=O)c4ccc5ccccc5n4,1.815454761778062
834,CHEMBL1916085,48.44,CN(C1CCCCC1)C(=O)c2cnn(c2NS(=O)(=O)c3ccc(C)cc3)c4ccccc4,-0.07582382100080501
835,CHEMBL1773082,6.17,C[C@H](Nc1nc(Nc2cc(C)[nH]n2)c(Cl)cc1C#N)c3ccc(F)cn3,-0.862987524171962
836,CHEMBL272551,150.0,O=S(=O)(N1CCN(Cc2ccccc2)CC1)c3ccccc3,1.815454761778062
